Cell,CNAclone
OV025N-BOWEL_AAACCCAGTGATATAG-1,1
OV025N-BOWEL_AAAGGTAAGTGATCGG-1,2
OV025N-BOWEL_AAAGGTACAAGCGCTC-1,1
OV025N-BOWEL_AAAGTGAAGAAGTCAT-1,2
OV025N-BOWEL_AAATGGACACCCATAA-1,2
OV025N-BOWEL_AACAAAGTCGCTACGG-1,1
OV025N-BOWEL_AACAAAGTCTGGAAGG-1,2
OV025N-BOWEL_AACACACCAGACCATT-1,1
OV025N-BOWEL_AACCATGAGACAGCGT-1,2
OV025N-BOWEL_AACCCAAAGCACCGAA-1,2
OV025N-BOWEL_AACGAAACATCCTTCG-1,1
OV025N-BOWEL_AACTTCTGTTCTTCAT-1,2
OV025N-BOWEL_AAGAACATCCGGACTG-1,2
OV025N-BOWEL_AAGACAAGTTATCTGG-1,2
OV025N-BOWEL_AAGCATCAGGCGAACT-1,2
OV025N-BOWEL_AAGCATCCAAATAAGC-1,2
OV025N-BOWEL_AAGCGTTCACTCCGGA-1,2
OV025N-BOWEL_AAGGTAAAGTTCTCTT-1,2
OV025N-BOWEL_AAGGTAATCTTCTGTA-1,2
OV025N-BOWEL_AAGTCGTGTCTGTCCT-1,1
OV025N-BOWEL_AATCGACTCTTCGACC-1,2
OV025N-BOWEL_AATCGTGAGCCGGAAT-1,2
OV025N-BOWEL_AATGAAGAGGGAGAAT-1,2
OV025N-BOWEL_AATGAAGGTTACACTG-1,1
OV025N-BOWEL_AATGACCCAGACCAGA-1,2
OV025N-BOWEL_AATGCCAGTGATACTC-1,2
OV025N-BOWEL_AATGGCTTCTTAGTTC-1,2
OV025N-BOWEL_ACACCAATCTTTGCTA-1,2
OV025N-BOWEL_ACATCCCAGATCGCCC-1,2
OV025N-BOWEL_ACATCGAGTTCTTAGG-1,1
OV025N-BOWEL_ACATGCATCAAGCTGT-1,2
OV025N-BOWEL_ACATTTCAGGTTAGTA-1,2
OV025N-BOWEL_ACATTTCGTATCGAAA-1,2
OV025N-BOWEL_ACCAACACAAGCGATG-1,2
OV025N-BOWEL_ACCCTCAAGATGATTG-1,2
OV025N-BOWEL_ACCTGAAAGAGGTCGT-1,1
OV025N-BOWEL_ACCTGAACATATACCG-1,2
OV025N-BOWEL_ACCTGAACATCGAGCC-1,1
OV025N-BOWEL_ACGATCAGTAGGTGCA-1,2
OV025N-BOWEL_ACGGAAGGTTGGTACT-1,2
OV025N-BOWEL_ACGGGTCAGAAGAACG-1,2
OV025N-BOWEL_ACGGGTCCATCCTAAG-1,2
OV025N-BOWEL_ACGTACAAGGTCGTCC-1,2
OV025N-BOWEL_ACGTAGTAGTAGAGTT-1,1
OV025N-BOWEL_ACGTAGTCATGGTGGA-1,2
OV025N-BOWEL_ACGTAGTTCCGCGGAT-1,2
OV025N-BOWEL_ACTATGGAGGTAACTA-1,2
OV025N-BOWEL_ACTATTCAGGTAATCA-1,1
OV025N-BOWEL_ACTCCCAAGTATGGCG-1,1
OV025N-BOWEL_ACTCCCACAGGTTACT-1,1
OV025N-BOWEL_ACTCCCACATTGAAGA-1,1
OV025N-BOWEL_ACTCTCGTCTGCTTAT-1,1
OV025N-BOWEL_ACTGTGATCTCCCTAG-1,2
OV025N-BOWEL_ACTTCCGGTCGGAAAC-1,2
OV025N-BOWEL_ACTTCGCGTCCCACGA-1,1
OV025N-BOWEL_ACTTTGTGTGGTAATA-1,1
OV025N-BOWEL_AGACACTTCGCAGATT-1,2
OV025N-BOWEL_AGAGAATCAGACACCC-1,1
OV025N-BOWEL_AGAGAGCAGAGCAACC-1,2
OV025N-BOWEL_AGAGCCCGTGGGATTG-1,2
OV025N-BOWEL_AGATGCTAGGGTTTCT-1,2
OV025N-BOWEL_AGCATCACAATTGCAC-1,1
OV025N-BOWEL_AGCCAGCGTTTGGAGG-1,2
OV025N-BOWEL_AGCGATTAGGAGAATG-1,2
OV025N-BOWEL_AGCTCAAAGAGCAAGA-1,2
OV025N-BOWEL_AGGAATAAGACGCCAA-1,2
OV025N-BOWEL_AGGAATATCGTAGGGA-1,1
OV025N-BOWEL_AGGATAATCATATGGC-1,1
OV025N-BOWEL_AGGCATTAGCGACAGT-1,2
OV025N-BOWEL_AGGCCACTCGGCTGGT-1,2
OV025N-BOWEL_AGGGAGTTCCTACACC-1,1
OV025N-BOWEL_AGGGCCTCAATTGGTC-1,1
OV025N-BOWEL_AGGGCCTTCACAGTGT-1,2
OV025N-BOWEL_AGGGCTCCAGCCATTA-1,2
OV025N-BOWEL_AGGTGTTCATCGCTCT-1,2
OV025N-BOWEL_AGTAGTCGTTGTCATG-1,2
OV025N-BOWEL_AGTCATGTCATCGCCT-1,1
OV025N-BOWEL_AGTCATGTCTGGCCTT-1,2
OV025N-BOWEL_AGTCTCCAGTGGAATT-1,1
OV025N-BOWEL_AGTGATCGTCGACTTA-1,2
OV025N-BOWEL_AGTGATCGTGGACTAG-1,1
OV025N-BOWEL_AGTGCCGAGACATACA-1,1
OV025N-BOWEL_AGTGCCGCAGAGTGTG-1,2
OV025N-BOWEL_AGTTCCCAGCCTCAGC-1,2
OV025N-BOWEL_ATACCGAAGGGCTAAC-1,1
OV025N-BOWEL_ATAGACCCACAGCGCT-1,1
OV025N-BOWEL_ATATCCTCAGGCGTTC-1,2
OV025N-BOWEL_ATCATTCTCACCCATC-1,2
OV025N-BOWEL_ATCGCCTGTAGGTGCA-1,2
OV025N-BOWEL_ATCGTCCCACGCACCA-1,2
OV025N-BOWEL_ATCGTGATCTGTAACG-1,2
OV025N-BOWEL_ATCTTCAAGATGTTCC-1,2
OV025N-BOWEL_ATCTTCAGTAGCACAG-1,2
OV025N-BOWEL_ATCTTCAGTATTCTCT-1,1
OV025N-BOWEL_ATGAAAGGTACGTGTT-1,2
OV025N-BOWEL_ATGAAAGGTTGCAACT-1,1
OV025N-BOWEL_ATGACCAAGGTTGCCC-1,1
OV025N-BOWEL_ATGACCATCCGCACTT-1,1
OV025N-BOWEL_ATGCGATTCGCGTTTC-1,2
OV025N-BOWEL_ATGGGAGTCGCAGAGA-1,2
OV025N-BOWEL_ATTCATCCACGTGTGC-1,1
OV025N-BOWEL_ATTCGTTAGTGGTTCT-1,2
OV025N-BOWEL_ATTGTTCCACCATAAC-1,2
OV025N-BOWEL_ATTGTTCTCTAAACGC-1,2
OV025N-BOWEL_ATTTACCGTTGTATGC-1,2
OV025N-BOWEL_ATTTCACTCCGGCAAC-1,2
OV025N-BOWEL_ATTTCTGAGTGTTGAA-1,1
OV025N-BOWEL_CAACCAAAGGTAGGCT-1,2
OV025N-BOWEL_CAACGGCGTACCCGCA-1,2
OV025N-BOWEL_CAATCGAGTGTTTCTT-1,2
OV025N-BOWEL_CACAACATCCTTCACG-1,2
OV025N-BOWEL_CACAGATAGGGATCAC-1,2
OV025N-BOWEL_CACATGAAGAGTTGCG-1,2
OV025N-BOWEL_CACCGTTAGCAGTCTT-1,2
OV025N-BOWEL_CACCGTTGTCGCATTA-1,1
OV025N-BOWEL_CACGGGTAGTGATAGT-1,2
OV025N-BOWEL_CACTGGGGTGCATTAC-1,2
OV025N-BOWEL_CACTGTCAGGGTATAT-1,2
OV025N-BOWEL_CACTGTCTCGAACTCA-1,2
OV025N-BOWEL_CACTTCGCAGTTGTCA-1,1
OV025N-BOWEL_CAGATACCAATGCTCA-1,2
OV025N-BOWEL_CAGATCAAGACCATAA-1,2
OV025N-BOWEL_CAGATCAAGTAACAGT-1,1
OV025N-BOWEL_CAGCAGCCATGCGGTC-1,2
OV025N-BOWEL_CAGGGCTCAAACTGCT-1,2
OV025N-BOWEL_CAGGGCTTCATGGTAC-1,2
OV025N-BOWEL_CAGGGCTTCGCACGAC-1,1
OV025N-BOWEL_CAGTGCGTCTCCTGTG-1,2
OV025N-BOWEL_CAGTTAGCAGCGTGAA-1,1
OV025N-BOWEL_CAGTTAGGTGATATAG-1,1
OV025N-BOWEL_CAGTTCCTCATCGACA-1,2
OV025N-BOWEL_CATACCCAGGAACTCG-1,2
OV025N-BOWEL_CATACTTAGTGATAGT-1,2
OV025N-BOWEL_CATCAAGAGCTCCACG-1,2
OV025N-BOWEL_CATCCGTCACGGGCTT-1,2
OV025N-BOWEL_CATCGGGGTATATGGA-1,2
OV025N-BOWEL_CATGAGTCACTAAACC-1,1
OV025N-BOWEL_CATGCGGAGTTTCGAC-1,2
OV025N-BOWEL_CATGCGGCAAAGGAGA-1,1
OV025N-BOWEL_CATGCGGGTTTAGTCG-1,2
OV025N-BOWEL_CATGCTCAGTCGCCCA-1,1
OV025N-BOWEL_CATGGATCATGACTAC-1,2
OV025N-BOWEL_CATGGTAGTCTCTCCA-1,2
OV025N-BOWEL_CATTCATCATCGGCCA-1,2
OV025N-BOWEL_CATTCCGTCTGTACAG-1,2
OV025N-BOWEL_CATTGAGCATCCGGCA-1,1
OV025N-BOWEL_CATTGCCAGTGCTCGC-1,1
OV025N-BOWEL_CCAATGATCATCTATC-1,2
OV025N-BOWEL_CCACACTAGGCATGGT-1,2
OV025N-BOWEL_CCACACTGTCTGCCTT-1,1
OV025N-BOWEL_CCACGTTGTAGCTTTG-1,2
OV025N-BOWEL_CCATAAGGTTCTCAGA-1,1
OV025N-BOWEL_CCCAACTAGGCAATGC-1,2
OV025N-BOWEL_CCCTCAACACTGTGAT-1,2
OV025N-BOWEL_CCCTGATAGACGAAGA-1,2
OV025N-BOWEL_CCCTGATGTAGATTAG-1,2
OV025N-BOWEL_CCGAACGTCAAGTTGC-1,2
OV025N-BOWEL_CCGAACGTCAGTGGGA-1,1
OV025N-BOWEL_CCGATCTGTGGTGATG-1,2
OV025N-BOWEL_CCGATGGCAAGGCCTC-1,2
OV025N-BOWEL_CCGATGGCACTTCAAG-1,2
OV025N-BOWEL_CCGCAAGCACTTCATT-1,1
OV025N-BOWEL_CCGGACAGTGGGTCAA-1,2
OV025N-BOWEL_CCGGGTACATAATGAG-1,1
OV025N-BOWEL_CCGGTAGCAAACGTGG-1,2
OV025N-BOWEL_CCGGTAGGTTGTCAGT-1,1
OV025N-BOWEL_CCGTGAGAGGTCGTAG-1,1
OV025N-BOWEL_CCTAAGAGTTGCGTAT-1,2
OV025N-BOWEL_CCTCAGTGTAACACGG-1,2
OV025N-BOWEL_CCTCCAAAGTATGCAA-1,1
OV025N-BOWEL_CCTCCAATCATGAAAG-1,2
OV025N-BOWEL_CCTCCTCAGTTGCTGT-1,2
OV025N-BOWEL_CCTCTAGTCGCTGACG-1,2
OV025N-BOWEL_CCTGCATTCGCGATCG-1,2
OV025N-BOWEL_CGAAGGATCCGTTGAA-1,2
OV025N-BOWEL_CGAAGTTAGATTGGGC-1,1
OV025N-BOWEL_CGAGAAGTCCTACTGC-1,2
OV025N-BOWEL_CGAGGCTGTCACTAGT-1,2
OV025N-BOWEL_CGAGTTATCAAACCTG-1,2
OV025N-BOWEL_CGAGTTATCTGGAAGG-1,1
OV025N-BOWEL_CGATCGGTCCTTCTAA-1,1
OV025N-BOWEL_CGATGCGAGGGACAGG-1,2
OV025N-BOWEL_CGCATAATCATTTGGG-1,2
OV025N-BOWEL_CGCGTGAAGTAGAGTT-1,1
OV025N-BOWEL_CGCGTGAGTTGCTCGG-1,2
OV025N-BOWEL_CGGAACCTCGGTGTAT-1,1
OV025N-BOWEL_CGGGTCACAACCTATG-1,2
OV025N-BOWEL_CGGGTGTGTATCAGCT-1,2
OV025N-BOWEL_CGTAATGAGATTAGCA-1,1
OV025N-BOWEL_CGTAGTAAGACCGTTT-1,2
OV025N-BOWEL_CGTCCATAGGCCTTGC-1,2
OV025N-BOWEL_CGTGAATAGGTATCTC-1,2
OV025N-BOWEL_CGTGAATTCGTGCAGC-1,2
OV025N-BOWEL_CGTGATAGTAGACGTG-1,2
OV025N-BOWEL_CGTGCTTCACGTCTCT-1,2
OV025N-BOWEL_CGTTGGGCAGGCGTTC-1,2
OV025N-BOWEL_CTACATTAGACCTGGA-1,2
OV025N-BOWEL_CTACGGGCAAATAGCA-1,2
OV025N-BOWEL_CTAGGTAGTAGTCCTA-1,2
OV025N-BOWEL_CTAGGTAGTTATCCAG-1,1
OV025N-BOWEL_CTATAGGCAACAGTGG-1,2
OV025N-BOWEL_CTATAGGGTATTGGCT-1,2
OV025N-BOWEL_CTCAATTGTAACATGA-1,2
OV025N-BOWEL_CTCACTGAGACGCATG-1,2
OV025N-BOWEL_CTCAGAATCCACGGGT-1,2
OV025N-BOWEL_CTCATTAGTAGCCAGA-1,2
OV025N-BOWEL_CTCCAACCACCCTTGT-1,2
OV025N-BOWEL_CTCCAACTCATGGCCG-1,2
OV025N-BOWEL_CTCCATGTCGCATTAG-1,1
OV025N-BOWEL_CTCCCTCCAAGAGTTA-1,2
OV025N-BOWEL_CTCCTTTCATCAACCA-1,2
OV025N-BOWEL_CTCTCGAAGCCAGAGT-1,2
OV025N-BOWEL_CTGAATGTCGGTAGGA-1,2
OV025N-BOWEL_CTGCAGGTCTGCCTCA-1,1
OV025N-BOWEL_CTGCATCTCCAGCACG-1,2
OV025N-BOWEL_CTGCGAGGTTGCTCGG-1,2
OV025N-BOWEL_CTGCTCACACCCAAGC-1,2
OV025N-BOWEL_CTGCTCACATGAAGCG-1,1
OV025N-BOWEL_CTGGCAGCATGACTCA-1,1
OV025N-BOWEL_CTGGCAGGTATGCGGA-1,2
OV025N-BOWEL_CTGGTCTGTATCAAGA-1,2
OV025N-BOWEL_CTGTAGAAGGAACTAT-1,2
OV025N-BOWEL_CTGTAGACATCACCAA-1,2
OV025N-BOWEL_CTGTCGTAGTGCGACA-1,2
OV025N-BOWEL_CTTACCGAGTCACTGT-1,2
OV025N-BOWEL_CTTAGGACAGATTTCG-1,1
OV025N-BOWEL_CTTCAATGTCATACCA-1,2
OV025N-BOWEL_CTTCCGATCCTAGCTC-1,2
OV025N-BOWEL_CTTCGGTGTATCGATC-1,2
OV025N-BOWEL_CTTTCGGGTTGCTGAT-1,2
OV025N-BOWEL_GAAACCTTCCAGTGTA-1,1
OV025N-BOWEL_GAACTGTAGAACTCCT-1,2
OV025N-BOWEL_GAACTGTCACTACTTT-1,1
OV025N-BOWEL_GAAGGGTAGATTAGTG-1,2
OV025N-BOWEL_GAATCGTCAAGCGCTC-1,2
OV025N-BOWEL_GAATCGTGTGACAACG-1,2
OV025N-BOWEL_GAATCGTTCAAGAGGC-1,2
OV025N-BOWEL_GACATCACAACTGCTA-1,1
OV025N-BOWEL_GACCAATGTCGCCTAG-1,1
OV025N-BOWEL_GACCAATTCCACGGGT-1,2
OV025N-BOWEL_GACCCAGGTGGACTGA-1,2
OV025N-BOWEL_GACCCTTAGCCATTTG-1,2
OV025N-BOWEL_GACCGTGTCCACTGGG-1,2
OV025N-BOWEL_GACGCTGAGAACCCGA-1,2
OV025N-BOWEL_GACGCTGTCACGGTCG-1,2
OV025N-BOWEL_GACGCTGTCAGACAAA-1,2
OV025N-BOWEL_GACGTTACACATGAAA-1,2
OV025N-BOWEL_GACTATGAGGACGGAG-1,2
OV025N-BOWEL_GACTTCCAGATGAATC-1,2
OV025N-BOWEL_GAGAAATTCGAGAACG-1,1
OV025N-BOWEL_GAGACCCCAGGTGGAT-1,2
OV025N-BOWEL_GAGCCTGGTCGTCTCT-1,2
OV025N-BOWEL_GAGTCTAAGACCAGCA-1,1
OV025N-BOWEL_GAGTGAGAGAGGATGA-1,2
OV025N-BOWEL_GAGTGAGGTCTCACAA-1,2
OV025N-BOWEL_GAGTTGTTCTCCTACG-1,2
OV025N-BOWEL_GAGTTTGTCGCACGGT-1,2
OV025N-BOWEL_GATAGCTCATCCTATT-1,1
OV025N-BOWEL_GATCACAGTAGATCCT-1,2
OV025N-BOWEL_GATCACATCTACGGGC-1,2
OV025N-BOWEL_GATCATGAGGTTGGAC-1,2
OV025N-BOWEL_GATCATGGTAAGATTG-1,2
OV025N-BOWEL_GATCGTAAGTCTCGTA-1,1
OV025N-BOWEL_GATGACTTCTGGAGAG-1,2
OV025N-BOWEL_GATGAGGTCCACCCTA-1,1
OV025N-BOWEL_GATGTTGAGGTGCTTT-1,2
OV025N-BOWEL_GATTGGTGTCAGTTTG-1,2
OV025N-BOWEL_GCAGCCAAGGATACCG-1,2
OV025N-BOWEL_GCAGTTAAGGATGTTA-1,2
OV025N-BOWEL_GCATCGGGTCCAACGC-1,1
OV025N-BOWEL_GCATCTCTCCGTCCTA-1,1
OV025N-BOWEL_GCCAGCATCCTATTTG-1,2
OV025N-BOWEL_GCCAGTGGTACAACGG-1,2
OV025N-BOWEL_GCCAGTGGTCACCCTT-1,2
OV025N-BOWEL_GCCCAGACAACTCCCT-1,2
OV025N-BOWEL_GCCTGTTCATGAGATA-1,2
OV025N-BOWEL_GCGGATCCACGGGTAA-1,2
OV025N-BOWEL_GCGGATCTCGCAAGAG-1,2
OV025N-BOWEL_GCGTGCATCTTTCGAT-1,2
OV025N-BOWEL_GCGTTTCAGAGCAGCT-1,2
OV025N-BOWEL_GCGTTTCAGCAGCCTC-1,2
OV025N-BOWEL_GCGTTTCAGTGCACCC-1,1
OV025N-BOWEL_GCGTTTCGTGAAAGTT-1,1
OV025N-BOWEL_GCTACAAAGGTTCTTG-1,1
OV025N-BOWEL_GCTACCTAGCGTGCCT-1,2
OV025N-BOWEL_GCTGCAGTCACTTTGT-1,2
OV025N-BOWEL_GCTGGGTTCTTACGGA-1,2
OV025N-BOWEL_GCTTGGGGTGTCCAAT-1,2
OV025N-BOWEL_GGAACCCTCGAACACT-1,2
OV025N-BOWEL_GGAAGTGTCCAGTGCG-1,2
OV025N-BOWEL_GGAATGGTCTTCGACC-1,2
OV025N-BOWEL_GGACGTCCATGACCCG-1,2
OV025N-BOWEL_GGAGGTAAGCTGTTCA-1,2
OV025N-BOWEL_GGATCTACACTCAGAT-1,2
OV025N-BOWEL_GGCAGTCAGGATATAC-1,2
OV025N-BOWEL_GGCTTTCAGGAACTCG-1,2
OV025N-BOWEL_GGCTTTCCAACATACC-1,1
OV025N-BOWEL_GGGACCTTCCCTCAAC-1,2
OV025N-BOWEL_GGGATGAGTGAGATTA-1,2
OV025N-BOWEL_GGGCCATTCCATTCAT-1,2
OV025N-BOWEL_GGGCTCAAGCTGGCTC-1,2
OV025N-BOWEL_GGGTAGAGTCCGGTGT-1,2
OV025N-BOWEL_GGGTATTCAGAGGACT-1,2
OV025N-BOWEL_GGGTGAATCCGCACTT-1,2
OV025N-BOWEL_GGGTGTCGTACGTGAG-1,2
OV025N-BOWEL_GGTAATCCAATAACCC-1,1
OV025N-BOWEL_GGTCACGTCTACGCGG-1,2
OV025N-BOWEL_GGTGAAGTCATGCAGT-1,2
OV025N-BOWEL_GGTGTCGAGTGGTCAG-1,2
OV025N-BOWEL_GGTTAACGTTGGTACT-1,2
OV025N-BOWEL_GTAACCATCGAGCCAC-1,2
OV025N-BOWEL_GTAAGTCCATGGCCCA-1,1
OV025N-BOWEL_GTAATGCTCAATGCAC-1,2
OV025N-BOWEL_GTACAGTGTGATTGGG-1,2
OV025N-BOWEL_GTCACTCTCTCTCTAA-1,1
OV025N-BOWEL_GTCAGCGAGCACCCAC-1,2
OV025N-BOWEL_GTCATCCTCTCTAAGG-1,2
OV025N-BOWEL_GTCCTCACAGGCGAAT-1,2
OV025N-BOWEL_GTCGAATCAAATAAGC-1,1
OV025N-BOWEL_GTCGTTCCACTGGCGT-1,2
OV025N-BOWEL_GTCTACCAGCTAAACA-1,2
OV025N-BOWEL_GTCTCACCACCGTCTT-1,2
OV025N-BOWEL_GTGACGCTCCCATACC-1,2
OV025N-BOWEL_GTGAGCCAGCATGCAG-1,1
OV025N-BOWEL_GTGCGTGGTAACATAG-1,1
OV025N-BOWEL_GTGCTTCGTCTGTGCG-1,2
OV025N-BOWEL_GTGGAAGGTCTAGTGT-1,2
OV025N-BOWEL_GTGGAGAGTACAGTTC-1,2
OV025N-BOWEL_GTGGTTACAATCACGT-1,2
OV025N-BOWEL_GTGTGATGTCCTGGGT-1,1
OV025N-BOWEL_GTGTTAGAGAGCAGCT-1,2
OV025N-BOWEL_GTGTTAGTCGTTGTAG-1,2
OV025N-BOWEL_GTTAGACGTCGAATTC-1,2
OV025N-BOWEL_GTTAGTGGTACTGACT-1,2
OV025N-BOWEL_GTTAGTGTCTTCGCTG-1,1
OV025N-BOWEL_GTTATGGGTTGCTTGA-1,2
OV025N-BOWEL_GTTCATTGTCGTTCAA-1,2
OV025N-BOWEL_GTTCTATTCAAGAGTA-1,2
OV025N-BOWEL_GTTGCTCGTTCACCGG-1,1
OV025N-BOWEL_GTTGTAGAGTCATACC-1,2
OV025N-BOWEL_GTTGTAGGTGGATGAC-1,1
OV025N-BOWEL_GTTGTAGGTTCCGCGA-1,2
OV025N-BOWEL_GTTGTCCCACACCTTC-1,2
OV025N-BOWEL_GTTGTCCGTTGTACGT-1,2
OV025N-BOWEL_TAACTTCCACTTGACA-1,1
OV025N-BOWEL_TAAGCACTCCTAACAG-1,2
OV025N-BOWEL_TAAGCCAAGCGTCAAG-1,1
OV025N-BOWEL_TAAGCCAGTTATCTTC-1,2
OV025N-BOWEL_TAAGTCGCACGCGGTT-1,1
OV025N-BOWEL_TAATTCCAGACAGTCG-1,2
OV025N-BOWEL_TAATTCCAGCACTTTG-1,2
OV025N-BOWEL_TACAACGAGCACTCCG-1,2
OV025N-BOWEL_TACACCCTCCGCACTT-1,2
OV025N-BOWEL_TACATTCCAAACTCTG-1,2
OV025N-BOWEL_TACCCGTGTGGAAATT-1,2
OV025N-BOWEL_TACCGAACAGCGTTGC-1,2
OV025N-BOWEL_TACCGGGTCGAGGCAA-1,2
OV025N-BOWEL_TACGTCCCAGGTAGTG-1,1
OV025N-BOWEL_TACTTACCACACCGCA-1,2
OV025N-BOWEL_TACTTCAAGGATCACG-1,1
OV025N-BOWEL_TACTTCAGTGGCATCC-1,2
OV025N-BOWEL_TACTTGTGTACTCGTA-1,1
OV025N-BOWEL_TAGATCGAGGTCGTAG-1,2
OV025N-BOWEL_TAGGGTTTCTCCCAAC-1,1
OV025N-BOWEL_TAGTGCAGTACAGCGA-1,2
OV025N-BOWEL_TAGTGCATCTGGCCTT-1,1
OV025N-BOWEL_TATACCTAGCAAGTGC-1,1
OV025N-BOWEL_TATACCTTCGATGGAG-1,2
OV025N-BOWEL_TATCAGGAGAAGAACG-1,2
OV025N-BOWEL_TATCGCCTCCGCATAA-1,2
OV025N-BOWEL_TATCTGTGTCTACACA-1,1
OV025N-BOWEL_TCAAGACTCCGATCTC-1,2
OV025N-BOWEL_TCAAGCACACTACCGG-1,2
OV025N-BOWEL_TCAAGTGAGTGATAAC-1,1
OV025N-BOWEL_TCAATCTAGACCTCAT-1,2
OV025N-BOWEL_TCAATCTTCCTCGCAT-1,2
OV025N-BOWEL_TCACAAGAGGTAGTAT-1,2
OV025N-BOWEL_TCACATTGTAGTCTTG-1,2
OV025N-BOWEL_TCACGCTTCTCCGAGG-1,2
OV025N-BOWEL_TCAGGGCTCTAAGCCA-1,2
OV025N-BOWEL_TCATACTCATGACTCA-1,1
OV025N-BOWEL_TCATCATCACTCCTTG-1,2
OV025N-BOWEL_TCATGAGGTCGACGCT-1,1
OV025N-BOWEL_TCATGAGTCGTTGTAG-1,2
OV025N-BOWEL_TCATGCCCAATAGTGA-1,1
OV025N-BOWEL_TCATTCAGTACCTATG-1,2
OV025N-BOWEL_TCCACGTAGGGTTTCT-1,2
OV025N-BOWEL_TCCCAGTAGATGGTAT-1,2
OV025N-BOWEL_TCCGTGTCAACTAGAA-1,1
OV025N-BOWEL_TCCTCCCAGACGCCAA-1,2
OV025N-BOWEL_TCCTCGAAGAGATCGC-1,2
OV025N-BOWEL_TCCTGCACAATACCTG-1,2
OV025N-BOWEL_TCCTTCTGTACATTGC-1,1
OV025N-BOWEL_TCCTTTCTCGAATCCA-1,1
OV025N-BOWEL_TCGACCTCAACGATCT-1,2
OV025N-BOWEL_TCGATTTGTCACTCGG-1,2
OV025N-BOWEL_TCGATTTGTCATCCCT-1,2
OV025N-BOWEL_TCGCAGGAGAGTCACG-1,2
OV025N-BOWEL_TCGCTCATCCAAGCAT-1,2
OV025N-BOWEL_TCGCTTGTCGAGCCAC-1,2
OV025N-BOWEL_TCGTGCTAGAACGCGT-1,2
OV025N-BOWEL_TCTACATTCATTGCGA-1,2
OV025N-BOWEL_TCTACATTCATTTGGG-1,2
OV025N-BOWEL_TCTATACAGACGGATC-1,2
OV025N-BOWEL_TCTATCACACAAATGA-1,2
OV025N-BOWEL_TCTCCGACAAGGTACG-1,2
OV025N-BOWEL_TCTCTGGTCCTCACGT-1,2
OV025N-BOWEL_TCTGTCGCAGCTAACT-1,1
OV025N-BOWEL_TCTGTCGGTCATACCA-1,2
OV025N-BOWEL_TCTTAGTGTCACTCAA-1,1
OV025N-BOWEL_TCTTAGTTCACTTATC-1,1
OV025N-BOWEL_TCTTCCTTCCACTGGG-1,2
OV025N-BOWEL_TCTTTGAAGTGGCGAT-1,2
OV025N-BOWEL_TGAATCGTCAACGTGT-1,1
OV025N-BOWEL_TGACGCGTCGCAAGAG-1,1
OV025N-BOWEL_TGACTCCAGAGGGTCT-1,1
OV025N-BOWEL_TGACTCCGTGGACCTC-1,2
OV025N-BOWEL_TGAGACTCATGACTGT-1,1
OV025N-BOWEL_TGATGGTCAAATCAGA-1,2
OV025N-BOWEL_TGATTTCAGTATGTAG-1,1
OV025N-BOWEL_TGCACGGTCCTTCAGC-1,2
OV025N-BOWEL_TGCAGATTCAGCGGAA-1,2
OV025N-BOWEL_TGCAGTACATCGCTAA-1,1
OV025N-BOWEL_TGCAGTATCTCACGAA-1,2
OV025N-BOWEL_TGCCGAGCATGACGTT-1,2
OV025N-BOWEL_TGCGGCAAGGAGGGTG-1,2
OV025N-BOWEL_TGCGGGTTCATCAGTG-1,2
OV025N-BOWEL_TGCTCCAAGTGAGCCA-1,2
OV025N-BOWEL_TGCTTGCGTCCGGCAT-1,1
OV025N-BOWEL_TGGAGAGTCTATCCAT-1,1
OV025N-BOWEL_TGGATGTAGACAAGCC-1,1
OV025N-BOWEL_TGGCGTGAGGTTCTTG-1,2
OV025N-BOWEL_TGGGATTCATCGATGT-1,1
OV025N-BOWEL_TGGGCGTGTCGCTCGA-1,2
OV025N-BOWEL_TGGTAGTCACAGACGA-1,2
OV025N-BOWEL_TGGTGATAGCACGTCC-1,1
OV025N-BOWEL_TGGTGATGTATACCTG-1,2
OV025N-BOWEL_TGTAACGGTAGATTGA-1,2
OV025N-BOWEL_TGTACAGGTGCCGTTG-1,2
OV025N-BOWEL_TGTAGACAGACTTCCA-1,2
OV025N-BOWEL_TGTAGACTCGAAGCCC-1,2
OV025N-BOWEL_TGTCCACAGAAGAGCA-1,2
OV025N-BOWEL_TGTGATGAGCCTGAAG-1,2
OV025N-BOWEL_TGTGATGGTTATCTTC-1,2
OV025N-BOWEL_TGTGGCGAGCAGTAAT-1,1
OV025N-BOWEL_TGTGGCGCAGTTGTCA-1,2
OV025N-BOWEL_TGTGGCGCATGTCGTA-1,2
OV025N-BOWEL_TGTTACTCACTTCATT-1,2
OV025N-BOWEL_TGTTCTACAGCGGTCT-1,2
OV025N-BOWEL_TGTTCTAGTAAGCGGT-1,1
OV025N-BOWEL_TGTTGGAAGTGGACGT-1,2
OV025N-BOWEL_TGTTGGAAGTTGCGCC-1,2
OV025N-BOWEL_TTAATCCTCGGAATGG-1,2
OV025N-BOWEL_TTACCGCCAATAGGAT-1,2
OV025N-BOWEL_TTACTGTCAGGTTCAT-1,2
OV025N-BOWEL_TTATTGCCATCAGCAT-1,2
OV025N-BOWEL_TTCACCGCACACCTGG-1,1
OV025N-BOWEL_TTCACCGCACCCTTGT-1,1
OV025N-BOWEL_TTCACCGCACGCTGTG-1,1
OV025N-BOWEL_TTCCACGCAAATCAAG-1,2
OV025N-BOWEL_TTCCACGTCTCCGCAT-1,2
OV025N-BOWEL_TTCCGTGGTCTTGAGT-1,2
OV025N-BOWEL_TTCTAACCACTATCCC-1,2
OV025N-BOWEL_TTCTAACTCCACGGAC-1,1
OV025N-BOWEL_TTCTAGTCAGGCCCTA-1,1
OV025N-BOWEL_TTGCCTGAGGTAAGGA-1,1
OV025N-BOWEL_TTGCTGCTCCAATGCA-1,2
OV025N-BOWEL_TTGGATGAGCATGCAG-1,2
OV025N-BOWEL_TTGGGATGTAGGTAGC-1,1
OV025N-BOWEL_TTGGGATGTTTACCTT-1,2
OV025N-BOWEL_TTGGGCGTCAAGCTGT-1,2
OV025N-BOWEL_TTGTGTTCACCTCTAC-1,2
OV025N-BOWEL_TTGTTGTAGAACCGCA-1,2
OV025N-BOWEL_TTGTTTGTCCAACTGA-1,1
OV025N-BOWEL_TTGTTTGTCGGAGCAA-1,2
OV025N-BOWEL_TTTACCAAGCGTATAA-1,2
OV025N-BOWEL_TTTACGTAGTATGAGT-1,1
OV025N-BOWEL_TTTACTGCACCAAAGG-1,2
OV025N-BOWEL_TTTATGCAGCAGCAGT-1,1
OV025N-BOWEL_TTTCACATCGTTGTTT-1,2
OV025N-BOWEL_TTTCAGTCAACGCATT-1,1
OV025N-BOWEL_TTTCATGCAGGATCTT-1,1
OV025N-BOWEL_TTTCATGCAGGTTCCG-1,2
OV025N-BOWEL_TTTCGATAGAGCAGCT-1,2
OV025N-BOWEL_TTTGGAGCACAGACGA-1,2
OV025N-BOWEL_TTTGGAGTCAAAGACA-1,1
OV025N-BOWEL_TTTGTTGTCTGCGGGT-1,1
OV025N-INFRACOLICOMENTUM_AAACGAAAGCTCGGCT-1,2
OV025N-INFRACOLICOMENTUM_AAACGAAGTTCGGTTA-1,1
OV025N-INFRACOLICOMENTUM_AAAGAACAGGTCGACA-1,1
OV025N-INFRACOLICOMENTUM_AAAGAACCAAGTGGTG-1,1
OV025N-INFRACOLICOMENTUM_AAAGGATGTATCACGT-1,2
OV025N-INFRACOLICOMENTUM_AAAGGTACACAGCCAC-1,2
OV025N-INFRACOLICOMENTUM_AAAGGTACATGACTTG-1,2
OV025N-INFRACOLICOMENTUM_AAAGGTAGTCAGACTT-1,1
OV025N-INFRACOLICOMENTUM_AAAGGTAGTCGTGCCA-1,2
OV025N-INFRACOLICOMENTUM_AAAGTCCAGACTGAGC-1,1
OV025N-INFRACOLICOMENTUM_AAAGTCCGTAGATGTA-1,1
OV025N-INFRACOLICOMENTUM_AAAGTGAGTTTCTATC-1,2
OV025N-INFRACOLICOMENTUM_AAATGGAGTGAGTAAT-1,1
OV025N-INFRACOLICOMENTUM_AAATGGATCGGTCAGC-1,1
OV025N-INFRACOLICOMENTUM_AACAAAGAGATACTGA-1,1
OV025N-INFRACOLICOMENTUM_AACAAAGCAGTGACCC-1,1
OV025N-INFRACOLICOMENTUM_AACAACCTCAATCTTC-1,2
OV025N-INFRACOLICOMENTUM_AACAAGAGTAACTTCG-1,1
OV025N-INFRACOLICOMENTUM_AACAAGAGTAGAATGT-1,2
OV025N-INFRACOLICOMENTUM_AACAAGATCCATCCGT-1,2
OV025N-INFRACOLICOMENTUM_AACAAGATCCATGCAA-1,1
OV025N-INFRACOLICOMENTUM_AACAAGATCCGTCAAA-1,1
OV025N-INFRACOLICOMENTUM_AACACACGTCTGATAC-1,1
OV025N-INFRACOLICOMENTUM_AACCAACCAGGGACTA-1,1
OV025N-INFRACOLICOMENTUM_AACCACATCACCTGTC-1,1
OV025N-INFRACOLICOMENTUM_AACCACATCCATGATG-1,1
OV025N-INFRACOLICOMENTUM_AACCATGGTATACGGG-1,1
OV025N-INFRACOLICOMENTUM_AACCATGTCCGCACGA-1,2
OV025N-INFRACOLICOMENTUM_AACCCAAAGAATTGTG-1,1
OV025N-INFRACOLICOMENTUM_AACCCAACACCGGAAA-1,2
OV025N-INFRACOLICOMENTUM_AACCCAAGTCTACAGT-1,1
OV025N-INFRACOLICOMENTUM_AACCTGAAGAGCATAT-1,1
OV025N-INFRACOLICOMENTUM_AACCTGATCGTTCGCT-1,2
OV025N-INFRACOLICOMENTUM_AACCTTTAGAAATTCG-1,2
OV025N-INFRACOLICOMENTUM_AACCTTTGTACTCGTA-1,2
OV025N-INFRACOLICOMENTUM_AACCTTTTCCCATGGG-1,2
OV025N-INFRACOLICOMENTUM_AACGAAAGTGGACTGA-1,1
OV025N-INFRACOLICOMENTUM_AACGAAAGTTCTCCCA-1,2
OV025N-INFRACOLICOMENTUM_AACGGGAAGGATGCGT-1,2
OV025N-INFRACOLICOMENTUM_AACGTCACAGGTGGAT-1,1
OV025N-INFRACOLICOMENTUM_AACGTCATCCTGGGAC-1,1
OV025N-INFRACOLICOMENTUM_AACTTCTCAGTGCGCT-1,1
OV025N-INFRACOLICOMENTUM_AAGACAACAAAGGCTG-1,1
OV025N-INFRACOLICOMENTUM_AAGACAACAACCTATG-1,1
OV025N-INFRACOLICOMENTUM_AAGACAACAGCGACCT-1,1
OV025N-INFRACOLICOMENTUM_AAGACAAGTGTCCCTT-1,1
OV025N-INFRACOLICOMENTUM_AAGACAAGTTCGGTCG-1,1
OV025N-INFRACOLICOMENTUM_AAGACAATCTCGTGGG-1,1
OV025N-INFRACOLICOMENTUM_AAGACTCAGACAAGCC-1,1
OV025N-INFRACOLICOMENTUM_AAGACTCCAAATTAGG-1,2
OV025N-INFRACOLICOMENTUM_AAGATAGAGCCATATC-1,1
OV025N-INFRACOLICOMENTUM_AAGATAGTCACAAGAA-1,2
OV025N-INFRACOLICOMENTUM_AAGCGAGAGAAGCGAA-1,1
OV025N-INFRACOLICOMENTUM_AAGCGAGGTACACGCC-1,1
OV025N-INFRACOLICOMENTUM_AAGCGAGGTCGTGCCA-1,1
OV025N-INFRACOLICOMENTUM_AAGCGTTGTTACGGAG-1,2
OV025N-INFRACOLICOMENTUM_AAGGAATAGCAGTACG-1,1
OV025N-INFRACOLICOMENTUM_AAGGAATGTATCCCTC-1,1
OV025N-INFRACOLICOMENTUM_AAGTACCAGAAACCAT-1,2
OV025N-INFRACOLICOMENTUM_AAGTACCAGAAAGTCT-1,2
OV025N-INFRACOLICOMENTUM_AAGTACCAGATCGCCC-1,2
OV025N-INFRACOLICOMENTUM_AAGTGAATCTGGCCTT-1,1
OV025N-INFRACOLICOMENTUM_AAGTTCGAGATCGGTG-1,2
OV025N-INFRACOLICOMENTUM_AAGTTCGAGTGGAAAG-1,1
OV025N-INFRACOLICOMENTUM_AATAGAGCAGTGTACT-1,2
OV025N-INFRACOLICOMENTUM_AATAGAGGTATGACAA-1,1
OV025N-INFRACOLICOMENTUM_AATAGAGTCACCTCAC-1,1
OV025N-INFRACOLICOMENTUM_AATCACGGTCCAGCGT-1,1
OV025N-INFRACOLICOMENTUM_AATCGACTCAGCTCTC-1,1
OV025N-INFRACOLICOMENTUM_AATGAAGAGATCACCT-1,2
OV025N-INFRACOLICOMENTUM_AATGACCGTTTGTTCT-1,1
OV025N-INFRACOLICOMENTUM_AATGACCTCCGCCTAT-1,1
OV025N-INFRACOLICOMENTUM_AATTTCCGTCTGTCCT-1,2
OV025N-INFRACOLICOMENTUM_ACAACCAGTGTTTACG-1,1
OV025N-INFRACOLICOMENTUM_ACAACCATCACGAGGA-1,1
OV025N-INFRACOLICOMENTUM_ACAACCATCGTGCACG-1,1
OV025N-INFRACOLICOMENTUM_ACAACCATCTGCGTCT-1,1
OV025N-INFRACOLICOMENTUM_ACAAGCTAGGACATCG-1,2
OV025N-INFRACOLICOMENTUM_ACAAGCTTCCACGTAA-1,1
OV025N-INFRACOLICOMENTUM_ACACGCGCAGTTGTTG-1,1
OV025N-INFRACOLICOMENTUM_ACACGCGGTATTCCTT-1,1
OV025N-INFRACOLICOMENTUM_ACACGCGGTCCTCATC-1,2
OV025N-INFRACOLICOMENTUM_ACACGCGGTCGGCCTA-1,1
OV025N-INFRACOLICOMENTUM_ACACGCGTCGGTCTGG-1,1
OV025N-INFRACOLICOMENTUM_ACACTGACAGCGCGTT-1,1
OV025N-INFRACOLICOMENTUM_ACAGCCGGTATTGAGA-1,1
OV025N-INFRACOLICOMENTUM_ACAGGGACATTAGGCT-1,2
OV025N-INFRACOLICOMENTUM_ACATCCCAGGTACCTT-1,2
OV025N-INFRACOLICOMENTUM_ACATCCCCAACAAGAT-1,1
OV025N-INFRACOLICOMENTUM_ACATCCCGTATGGAAT-1,2
OV025N-INFRACOLICOMENTUM_ACATGCACAACCGGAA-1,1
OV025N-INFRACOLICOMENTUM_ACCAAACCATAGTCGT-1,2
OV025N-INFRACOLICOMENTUM_ACCAAACCATCCGCGA-1,2
OV025N-INFRACOLICOMENTUM_ACCAAACTCGACCACG-1,1
OV025N-INFRACOLICOMENTUM_ACCAACACATGTGCTA-1,2
OV025N-INFRACOLICOMENTUM_ACCACAACAGGTGAGT-1,2
OV025N-INFRACOLICOMENTUM_ACCATTTGTCAAAGAT-1,2
OV025N-INFRACOLICOMENTUM_ACCCAAACACCTCTAC-1,1
OV025N-INFRACOLICOMENTUM_ACCCTCACACTATCCC-1,1
OV025N-INFRACOLICOMENTUM_ACCCTTGCATCTCCCA-1,1
OV025N-INFRACOLICOMENTUM_ACCGTTCGTTTGCAGT-1,2
OV025N-INFRACOLICOMENTUM_ACCTACCAGTGATCGG-1,2
OV025N-INFRACOLICOMENTUM_ACCTACCCACCGGAAA-1,1
OV025N-INFRACOLICOMENTUM_ACCTACCTCGTCGGGT-1,1
OV025N-INFRACOLICOMENTUM_ACCTGAAAGAGCAAGA-1,1
OV025N-INFRACOLICOMENTUM_ACCTGAAAGCAGTACG-1,1
OV025N-INFRACOLICOMENTUM_ACCTGAACAAGTGATA-1,1
OV025N-INFRACOLICOMENTUM_ACCTGAAGTATTCCGA-1,2
OV025N-INFRACOLICOMENTUM_ACGATGTGTTACCCAA-1,2
OV025N-INFRACOLICOMENTUM_ACGCACGAGTCCTGCG-1,1
OV025N-INFRACOLICOMENTUM_ACGCACGGTATACAGA-1,1
OV025N-INFRACOLICOMENTUM_ACGGAAGCAAATAGCA-1,2
OV025N-INFRACOLICOMENTUM_ACGGGTCCACGTACAT-1,2
OV025N-INFRACOLICOMENTUM_ACGGGTCTCCTCTAGC-1,1
OV025N-INFRACOLICOMENTUM_ACGGTCGAGGTTAAAC-1,2
OV025N-INFRACOLICOMENTUM_ACGGTCGGTGTTTCTT-1,1
OV025N-INFRACOLICOMENTUM_ACGGTCGTCAAGAGGC-1,1
OV025N-INFRACOLICOMENTUM_ACGGTTAAGCCGTAAG-1,2
OV025N-INFRACOLICOMENTUM_ACGTAACGTAAGTAGT-1,1
OV025N-INFRACOLICOMENTUM_ACGTAACTCACGATAC-1,1
OV025N-INFRACOLICOMENTUM_ACGTAGTAGGGCAAGG-1,1
OV025N-INFRACOLICOMENTUM_ACGTAGTGTCTTCCGT-1,2
OV025N-INFRACOLICOMENTUM_ACGTAGTTCGCTCTCA-1,1
OV025N-INFRACOLICOMENTUM_ACGTCCTGTTGTCATG-1,1
OV025N-INFRACOLICOMENTUM_ACGTTCCGTACTGGGA-1,1
OV025N-INFRACOLICOMENTUM_ACGTTCCGTGGTTTAC-1,1
OV025N-INFRACOLICOMENTUM_ACTACGACAGAGATGC-1,1
OV025N-INFRACOLICOMENTUM_ACTATCTAGAATGTTG-1,1
OV025N-INFRACOLICOMENTUM_ACTATCTCAACAGTGG-1,1
OV025N-INFRACOLICOMENTUM_ACTATGGAGTTCGGTT-1,1
OV025N-INFRACOLICOMENTUM_ACTATGGTCATAGACC-1,1
OV025N-INFRACOLICOMENTUM_ACTATTCCATCTCGTC-1,2
OV025N-INFRACOLICOMENTUM_ACTATTCGTCTTGGTA-1,1
OV025N-INFRACOLICOMENTUM_ACTGATGCAAATCAAG-1,2
OV025N-INFRACOLICOMENTUM_ACTGCAAAGTAATTGG-1,2
OV025N-INFRACOLICOMENTUM_ACTGTCCTCCGCACGA-1,1
OV025N-INFRACOLICOMENTUM_ACTGTGAGTGCTAGCC-1,1
OV025N-INFRACOLICOMENTUM_ACTGTGATCATTGAGC-1,1
OV025N-INFRACOLICOMENTUM_ACTTAGGAGCAGCGAT-1,2
OV025N-INFRACOLICOMENTUM_ACTTAGGTCATCACAG-1,1
OV025N-INFRACOLICOMENTUM_ACTTAGGTCCCTGTTG-1,2
OV025N-INFRACOLICOMENTUM_ACTTATCAGGGTTTCT-1,1
OV025N-INFRACOLICOMENTUM_ACTTATCAGGTGCGAT-1,1
OV025N-INFRACOLICOMENTUM_ACTTCGCGTGGATCGA-1,1
OV025N-INFRACOLICOMENTUM_ACTTTCATCATCCCGT-1,2
OV025N-INFRACOLICOMENTUM_ACTTTCATCCATACTT-1,1
OV025N-INFRACOLICOMENTUM_ACTTTGTGTGACCGAA-1,1
OV025N-INFRACOLICOMENTUM_AGAAATGAGTGGGAAA-1,2
OV025N-INFRACOLICOMENTUM_AGAAATGCAACGTTAC-1,1
OV025N-INFRACOLICOMENTUM_AGAAATGGTTAGGCCC-1,1
OV025N-INFRACOLICOMENTUM_AGAACAAAGCTGAGTG-1,1
OV025N-INFRACOLICOMENTUM_AGAACAATCAGCCTCT-1,1
OV025N-INFRACOLICOMENTUM_AGAACCTTCTCTATGT-1,2
OV025N-INFRACOLICOMENTUM_AGAAGCGAGCTGTTAC-1,1
OV025N-INFRACOLICOMENTUM_AGAAGTACAGAACTCT-1,1
OV025N-INFRACOLICOMENTUM_AGACACTAGACGTCGA-1,2
OV025N-INFRACOLICOMENTUM_AGACACTAGGTCGCCT-1,1
OV025N-INFRACOLICOMENTUM_AGACACTTCTCGCCTA-1,2
OV025N-INFRACOLICOMENTUM_AGACACTTCTGACCCT-1,2
OV025N-INFRACOLICOMENTUM_AGACAGGAGCATTGTC-1,1
OV025N-INFRACOLICOMENTUM_AGACAGGAGTCTCTGA-1,1
OV025N-INFRACOLICOMENTUM_AGACAGGAGTTGTAAG-1,2
OV025N-INFRACOLICOMENTUM_AGACAGGTCATGGAGG-1,1
OV025N-INFRACOLICOMENTUM_AGACCCGGTGATAGTA-1,2
OV025N-INFRACOLICOMENTUM_AGACTCAAGGAGGGTG-1,1
OV025N-INFRACOLICOMENTUM_AGAGAATTCTATCACT-1,2
OV025N-INFRACOLICOMENTUM_AGAGAGCCATCGAGCC-1,2
OV025N-INFRACOLICOMENTUM_AGAGAGCGTTACGTAC-1,1
OV025N-INFRACOLICOMENTUM_AGAGCAGAGGAAAGTG-1,1
OV025N-INFRACOLICOMENTUM_AGAGCCCAGTAGATCA-1,1
OV025N-INFRACOLICOMENTUM_AGAGCCCTCCGTGTGG-1,1
OV025N-INFRACOLICOMENTUM_AGATCGTAGACCATTC-1,1
OV025N-INFRACOLICOMENTUM_AGATCGTGTTGCCGCA-1,2
OV025N-INFRACOLICOMENTUM_AGATGAAAGACTTGTC-1,1
OV025N-INFRACOLICOMENTUM_AGATGCTTCTGTAAGC-1,2
OV025N-INFRACOLICOMENTUM_AGCATCAGTGGCTTAT-1,2
OV025N-INFRACOLICOMENTUM_AGCCAATAGCGACTGA-1,1
OV025N-INFRACOLICOMENTUM_AGCCACGAGGCACTCC-1,1
OV025N-INFRACOLICOMENTUM_AGCCAGCCACTGCATA-1,2
OV025N-INFRACOLICOMENTUM_AGCCAGCGTCTTACTT-1,1
OV025N-INFRACOLICOMENTUM_AGCGCCACAGAAGCTG-1,1
OV025N-INFRACOLICOMENTUM_AGCGCTGCATATGGCT-1,2
OV025N-INFRACOLICOMENTUM_AGCGCTGGTGCCTGCA-1,1
OV025N-INFRACOLICOMENTUM_AGCGTATTCTTCGACC-1,1
OV025N-INFRACOLICOMENTUM_AGCGTCGCAAAGTATG-1,2
OV025N-INFRACOLICOMENTUM_AGCGTCGCATTCCTCG-1,1
OV025N-INFRACOLICOMENTUM_AGCTCAAAGACGCAGT-1,1
OV025N-INFRACOLICOMENTUM_AGCTCAACAGTCTCTC-1,2
OV025N-INFRACOLICOMENTUM_AGCTCAAGTCCGGTGT-1,1
OV025N-INFRACOLICOMENTUM_AGCTTCCGTGTGGTCC-1,1
OV025N-INFRACOLICOMENTUM_AGGAAATGTAGTACGG-1,1
OV025N-INFRACOLICOMENTUM_AGGAAATTCTCATTTG-1,1
OV025N-INFRACOLICOMENTUM_AGGAATACATGACTAC-1,2
OV025N-INFRACOLICOMENTUM_AGGACGAGTCCGAAAG-1,1
OV025N-INFRACOLICOMENTUM_AGGACTTAGCCTCAGC-1,1
OV025N-INFRACOLICOMENTUM_AGGACTTTCCGCTGTT-1,2
OV025N-INFRACOLICOMENTUM_AGGACTTTCTACTCAT-1,1
OV025N-INFRACOLICOMENTUM_AGGAGGTAGAAGCCTG-1,2
OV025N-INFRACOLICOMENTUM_AGGATAAAGGGCTAAC-1,2
OV025N-INFRACOLICOMENTUM_AGGCATTGTAATCAAG-1,2
OV025N-INFRACOLICOMENTUM_AGGCCACCATTGTGCA-1,1
OV025N-INFRACOLICOMENTUM_AGGGAGTCACACCAGC-1,2
OV025N-INFRACOLICOMENTUM_AGGGCCTGTCTCCCTA-1,1
OV025N-INFRACOLICOMENTUM_AGGGCCTTCTCGAACA-1,2
OV025N-INFRACOLICOMENTUM_AGGGTCCAGAAACTGT-1,2
OV025N-INFRACOLICOMENTUM_AGGGTTTAGGTTCCGC-1,1
OV025N-INFRACOLICOMENTUM_AGGTAGGTCGGCATAT-1,1
OV025N-INFRACOLICOMENTUM_AGGTCTACATGACGGA-1,1
OV025N-INFRACOLICOMENTUM_AGGTCTAGTGCAACGA-1,2
OV025N-INFRACOLICOMENTUM_AGGTGTTAGTAATACG-1,1
OV025N-INFRACOLICOMENTUM_AGGTGTTAGTGCTCAT-1,1
OV025N-INFRACOLICOMENTUM_AGGTGTTCAATTGAGA-1,1
OV025N-INFRACOLICOMENTUM_AGGTTACAGTGAGTTA-1,1
OV025N-INFRACOLICOMENTUM_AGGTTGTAGCGATGCA-1,1
OV025N-INFRACOLICOMENTUM_AGTAACCGTCCAGAAG-1,1
OV025N-INFRACOLICOMENTUM_AGTACCACACACACGC-1,1
OV025N-INFRACOLICOMENTUM_AGTACCAGTCATCTAG-1,1
OV025N-INFRACOLICOMENTUM_AGTACTGAGATGAACT-1,2
OV025N-INFRACOLICOMENTUM_AGTAGCTGTCTTGCTC-1,1
OV025N-INFRACOLICOMENTUM_AGTAGCTGTTGCTAGT-1,1
OV025N-INFRACOLICOMENTUM_AGTAGTCAGCATGATA-1,2
OV025N-INFRACOLICOMENTUM_AGTCAACAGCCTCAGC-1,2
OV025N-INFRACOLICOMENTUM_AGTCACAGTTAGAAAC-1,2
OV025N-INFRACOLICOMENTUM_AGTCACATCAGTGATC-1,1
OV025N-INFRACOLICOMENTUM_AGTCATGAGGGCAGGA-1,1
OV025N-INFRACOLICOMENTUM_AGTCATGGTCTTCCGT-1,2
OV025N-INFRACOLICOMENTUM_AGTCATGGTTCCGCTT-1,1
OV025N-INFRACOLICOMENTUM_AGTCTCCAGGCTCCCA-1,1
OV025N-INFRACOLICOMENTUM_AGTGCCGGTCTACATG-1,2
OV025N-INFRACOLICOMENTUM_AGTGCCGTCGCTCATC-1,1
OV025N-INFRACOLICOMENTUM_AGTGTTGAGTGAGCCA-1,1
OV025N-INFRACOLICOMENTUM_AGTGTTGCATCGGTTA-1,1
OV025N-INFRACOLICOMENTUM_AGTTAGCCAAGCCTGC-1,1
OV025N-INFRACOLICOMENTUM_AGTTAGCTCCACAAGT-1,1
OV025N-INFRACOLICOMENTUM_AGTTCCCAGTGAATAC-1,1
OV025N-INFRACOLICOMENTUM_AGTTCCCCACCTCAGG-1,1
OV025N-INFRACOLICOMENTUM_AGTTCGACATCTATCT-1,2
OV025N-INFRACOLICOMENTUM_ATACCGAAGGCGAACT-1,1
OV025N-INFRACOLICOMENTUM_ATACCGAAGGTGCCAA-1,1
OV025N-INFRACOLICOMENTUM_ATACCGAAGTAGGGTC-1,1
OV025N-INFRACOLICOMENTUM_ATACCGACACTATCGA-1,1
OV025N-INFRACOLICOMENTUM_ATACCGAGTCTAGATC-1,1
OV025N-INFRACOLICOMENTUM_ATACCTTCACCTCGTT-1,1
OV025N-INFRACOLICOMENTUM_ATACTTCCACCCAAGC-1,1
OV025N-INFRACOLICOMENTUM_ATACTTCGTATGAGCG-1,2
OV025N-INFRACOLICOMENTUM_ATAGACCCAGTCCGTG-1,1
OV025N-INFRACOLICOMENTUM_ATAGAGAAGGCGAACT-1,1
OV025N-INFRACOLICOMENTUM_ATAGGCTGTGCCGTAC-1,2
OV025N-INFRACOLICOMENTUM_ATAGGCTTCGTTAGAC-1,1
OV025N-INFRACOLICOMENTUM_ATATCCTAGGTCCTGC-1,1
OV025N-INFRACOLICOMENTUM_ATCACAGAGTGTTGTC-1,2
OV025N-INFRACOLICOMENTUM_ATCACAGGTAGGCAGT-1,1
OV025N-INFRACOLICOMENTUM_ATCACAGTCAAGAAAC-1,1
OV025N-INFRACOLICOMENTUM_ATCACAGTCGACGCTG-1,1
OV025N-INFRACOLICOMENTUM_ATCACGAAGGGTGAGG-1,1
OV025N-INFRACOLICOMENTUM_ATCACGAGTACAAAGT-1,1
OV025N-INFRACOLICOMENTUM_ATCACTTAGAACAGGA-1,1
OV025N-INFRACOLICOMENTUM_ATCACTTAGATTAGCA-1,1
OV025N-INFRACOLICOMENTUM_ATCCACCGTTCCGCTT-1,2
OV025N-INFRACOLICOMENTUM_ATCCACCGTTGGGAAC-1,1
OV025N-INFRACOLICOMENTUM_ATCCATTTCAAGTGTC-1,1
OV025N-INFRACOLICOMENTUM_ATCCCTGCATTGAGCT-1,1
OV025N-INFRACOLICOMENTUM_ATCCGTCCATCGGAAG-1,1
OV025N-INFRACOLICOMENTUM_ATCCGTCTCCAATCTT-1,1
OV025N-INFRACOLICOMENTUM_ATCCTATCAAGGAGTC-1,1
OV025N-INFRACOLICOMENTUM_ATCCTATGTTCCCACT-1,2
OV025N-INFRACOLICOMENTUM_ATCGCCTCACATAACC-1,1
OV025N-INFRACOLICOMENTUM_ATCGCCTTCATTTGCT-1,2
OV025N-INFRACOLICOMENTUM_ATCGGATAGGAACTAT-1,1
OV025N-INFRACOLICOMENTUM_ATCGGATAGTTCAACC-1,1
OV025N-INFRACOLICOMENTUM_ATCGGATGTGTTATCG-1,2
OV025N-INFRACOLICOMENTUM_ATCGGATGTTTGGGAG-1,1
OV025N-INFRACOLICOMENTUM_ATCGGCGCAAGATGGC-1,1
OV025N-INFRACOLICOMENTUM_ATCGGCGTCGCAGAGA-1,2
OV025N-INFRACOLICOMENTUM_ATCGTAGAGATCGCCC-1,2
OV025N-INFRACOLICOMENTUM_ATCGTAGAGTAGCCAG-1,1
OV025N-INFRACOLICOMENTUM_ATCGTCCGTGAGATAT-1,1
OV025N-INFRACOLICOMENTUM_ATCGTGAGTGAGATCG-1,1
OV025N-INFRACOLICOMENTUM_ATCGTGAGTTGCTCGG-1,2
OV025N-INFRACOLICOMENTUM_ATCTCTAGTTCCTAAG-1,1
OV025N-INFRACOLICOMENTUM_ATCTTCACAAAGAGTT-1,1
OV025N-INFRACOLICOMENTUM_ATGAAAGCACTTGAGT-1,1
OV025N-INFRACOLICOMENTUM_ATGACCACAACCGGAA-1,2
OV025N-INFRACOLICOMENTUM_ATGACCATCCCAGCGA-1,2
OV025N-INFRACOLICOMENTUM_ATGAGGGCAAGGATGC-1,2
OV025N-INFRACOLICOMENTUM_ATGAGGGGTAGAATAC-1,1
OV025N-INFRACOLICOMENTUM_ATGAGGGTCAGCCCAG-1,1
OV025N-INFRACOLICOMENTUM_ATGAGTCAGCAGGCAT-1,1
OV025N-INFRACOLICOMENTUM_ATGAGTCCATCGAAGG-1,1
OV025N-INFRACOLICOMENTUM_ATGAGTCTCCGTGTAA-1,2
OV025N-INFRACOLICOMENTUM_ATGCATGAGAATAGTC-1,1
OV025N-INFRACOLICOMENTUM_ATGCATGGTTGTATGC-1,2
OV025N-INFRACOLICOMENTUM_ATGCCTCCATAGGTAA-1,1
OV025N-INFRACOLICOMENTUM_ATGCGATAGTCGGGAT-1,1
OV025N-INFRACOLICOMENTUM_ATGGAGGCATGACTGT-1,1
OV025N-INFRACOLICOMENTUM_ATGGAGGGTGCCGGTT-1,1
OV025N-INFRACOLICOMENTUM_ATGGAGGTCCACTGGG-1,2
OV025N-INFRACOLICOMENTUM_ATGGATCTCCAATCTT-1,1
OV025N-INFRACOLICOMENTUM_ATGGGAGAGCCATTTG-1,1
OV025N-INFRACOLICOMENTUM_ATGGGTTCAATTGCCA-1,1
OV025N-INFRACOLICOMENTUM_ATGGGTTCATCCTTCG-1,2
OV025N-INFRACOLICOMENTUM_ATGTCCCCAACTAGAA-1,2
OV025N-INFRACOLICOMENTUM_ATGTCCCCAGCAGAAC-1,1
OV025N-INFRACOLICOMENTUM_ATGTCCCCATTCTTCA-1,1
OV025N-INFRACOLICOMENTUM_ATGTCTTCACATGAAA-1,1
OV025N-INFRACOLICOMENTUM_ATGTCTTGTTATCCAG-1,2
OV025N-INFRACOLICOMENTUM_ATGTCTTGTTCCACGG-1,1
OV025N-INFRACOLICOMENTUM_ATGTCTTTCAGTGTTG-1,1
OV025N-INFRACOLICOMENTUM_ATTACCTAGGCTCCCA-1,1
OV025N-INFRACOLICOMENTUM_ATTACTCAGGGAGGTG-1,1
OV025N-INFRACOLICOMENTUM_ATTACTCAGGTTACCT-1,1
OV025N-INFRACOLICOMENTUM_ATTACTCGTGAATGTA-1,1
OV025N-INFRACOLICOMENTUM_ATTATCCAGGCCTAGA-1,1
OV025N-INFRACOLICOMENTUM_ATTATCCGTAGCTAAA-1,1
OV025N-INFRACOLICOMENTUM_ATTATCCTCTGAATGC-1,2
OV025N-INFRACOLICOMENTUM_ATTCAGGCACAAACGG-1,1
OV025N-INFRACOLICOMENTUM_ATTCAGGTCCAAGCAT-1,1
OV025N-INFRACOLICOMENTUM_ATTCAGGTCGAGAACG-1,1
OV025N-INFRACOLICOMENTUM_ATTCCCGCATCTTAGG-1,2
OV025N-INFRACOLICOMENTUM_ATTCCTACAGGAGGTT-1,1
OV025N-INFRACOLICOMENTUM_ATTCGTTGTTCAACGT-1,2
OV025N-INFRACOLICOMENTUM_ATTCTACGTCATGACT-1,1
OV025N-INFRACOLICOMENTUM_ATTCTTGCAGTGTACT-1,1
OV025N-INFRACOLICOMENTUM_ATTGGGTAGATGATTG-1,1
OV025N-INFRACOLICOMENTUM_ATTGGGTTCCTGGGTG-1,2
OV025N-INFRACOLICOMENTUM_ATTTCACGTGACGCCT-1,1
OV025N-INFRACOLICOMENTUM_ATTTCTGAGTCCTGCG-1,1
OV025N-INFRACOLICOMENTUM_ATTTCTGTCAGCTAGT-1,2
OV025N-INFRACOLICOMENTUM_CAAAGAACAGTTAGAA-1,2
OV025N-INFRACOLICOMENTUM_CAAAGAAGTCGCTTGG-1,1
OV025N-INFRACOLICOMENTUM_CAACAGTCATCCCGTT-1,1
OV025N-INFRACOLICOMENTUM_CAACCAACATTGCTTT-1,1
OV025N-INFRACOLICOMENTUM_CAACCTCGTGGGTCAA-1,1
OV025N-INFRACOLICOMENTUM_CAACGATCATGAATAG-1,1
OV025N-INFRACOLICOMENTUM_CAACGATTCCAAAGGG-1,2
OV025N-INFRACOLICOMENTUM_CAACGGCAGACCAGAC-1,1
OV025N-INFRACOLICOMENTUM_CAAGACTCACGACTAT-1,1
OV025N-INFRACOLICOMENTUM_CAAGAGGAGTCTTGGT-1,1
OV025N-INFRACOLICOMENTUM_CAAGCTAGTTCGTAAC-1,1
OV025N-INFRACOLICOMENTUM_CAAGGGAAGTGGATTA-1,1
OV025N-INFRACOLICOMENTUM_CAAGGGATCTGGACTA-1,1
OV025N-INFRACOLICOMENTUM_CAATACGAGGAGCAAA-1,2
OV025N-INFRACOLICOMENTUM_CAATACGGTTCCGTTC-1,2
OV025N-INFRACOLICOMENTUM_CAATCGAAGCTCGCAC-1,2
OV025N-INFRACOLICOMENTUM_CAATCGAAGTAGTCAA-1,1
OV025N-INFRACOLICOMENTUM_CAATCGAGTGACTAAA-1,1
OV025N-INFRACOLICOMENTUM_CAATGACCACTCCCTA-1,1
OV025N-INFRACOLICOMENTUM_CAATGACCAGATCATC-1,1
OV025N-INFRACOLICOMENTUM_CAATGACTCAACTCTT-1,1
OV025N-INFRACOLICOMENTUM_CAATTTCAGAAACCAT-1,1
OV025N-INFRACOLICOMENTUM_CAATTTCGTTTCACTT-1,1
OV025N-INFRACOLICOMENTUM_CACAACATCTGAGCAT-1,1
OV025N-INFRACOLICOMENTUM_CACAGATGTGTTCGTA-1,1
OV025N-INFRACOLICOMENTUM_CACAGGCAGCCTGACC-1,1
OV025N-INFRACOLICOMENTUM_CACAGGCCAGTGACCC-1,1
OV025N-INFRACOLICOMENTUM_CACATGAAGCCATATC-1,2
OV025N-INFRACOLICOMENTUM_CACGGGTAGAGTTGCG-1,1
OV025N-INFRACOLICOMENTUM_CACGGGTCAAGCGGAT-1,2
OV025N-INFRACOLICOMENTUM_CACGGGTGTGGGCTCT-1,2
OV025N-INFRACOLICOMENTUM_CACGGGTTCATTACGG-1,1
OV025N-INFRACOLICOMENTUM_CACGGGTTCCCTAGGG-1,1
OV025N-INFRACOLICOMENTUM_CACGTGGAGCCTTTGA-1,2
OV025N-INFRACOLICOMENTUM_CACGTTCGTATAGGGC-1,1
OV025N-INFRACOLICOMENTUM_CACGTTCGTTGTGGAG-1,1
OV025N-INFRACOLICOMENTUM_CACTAAGTCTCTTGCG-1,2
OV025N-INFRACOLICOMENTUM_CACTGAAAGTTGCTGT-1,1
OV025N-INFRACOLICOMENTUM_CACTGAAGTACGCTTA-1,1
OV025N-INFRACOLICOMENTUM_CACTGGGAGAAGGATG-1,1
OV025N-INFRACOLICOMENTUM_CACTGGGCAACTTGCA-1,1
OV025N-INFRACOLICOMENTUM_CACTGGGGTAGACGTG-1,2
OV025N-INFRACOLICOMENTUM_CACTGTCAGTGAGGCT-1,1
OV025N-INFRACOLICOMENTUM_CACTGTCGTAACTGCT-1,1
OV025N-INFRACOLICOMENTUM_CACTTCGAGTACTGTC-1,1
OV025N-INFRACOLICOMENTUM_CAGAGCCTCAAAGAAC-1,1
OV025N-INFRACOLICOMENTUM_CAGATCAAGGCTATCT-1,2
OV025N-INFRACOLICOMENTUM_CAGATCAGTGATAGAT-1,1
OV025N-INFRACOLICOMENTUM_CAGATTGGTGAGGATC-1,1
OV025N-INFRACOLICOMENTUM_CAGCAATCACGTACAT-1,2
OV025N-INFRACOLICOMENTUM_CAGCAGCTCAGTCATG-1,2
OV025N-INFRACOLICOMENTUM_CAGCGTGGTCACATTG-1,1
OV025N-INFRACOLICOMENTUM_CAGGCCACAGAAGCTG-1,1
OV025N-INFRACOLICOMENTUM_CAGGGCTCATTCATCT-1,1
OV025N-INFRACOLICOMENTUM_CAGGGCTGTTGTTGAC-1,1
OV025N-INFRACOLICOMENTUM_CAGGTATGTATACCCA-1,1
OV025N-INFRACOLICOMENTUM_CAGTGCGTCAATCAGC-1,1
OV025N-INFRACOLICOMENTUM_CAGTTCCAGAACTTCC-1,2
OV025N-INFRACOLICOMENTUM_CAGTTCCAGTTAGTGA-1,1
OV025N-INFRACOLICOMENTUM_CAGTTCCTCAGGAAGC-1,2
OV025N-INFRACOLICOMENTUM_CATAAGCAGTAAAGCT-1,1
OV025N-INFRACOLICOMENTUM_CATAAGCCATATCTGG-1,2
OV025N-INFRACOLICOMENTUM_CATAAGCGTATTGCCA-1,1
OV025N-INFRACOLICOMENTUM_CATAAGCGTCAACCTA-1,1
OV025N-INFRACOLICOMENTUM_CATACAGCACAGGATG-1,2
OV025N-INFRACOLICOMENTUM_CATACCCAGTGCGTCC-1,1
OV025N-INFRACOLICOMENTUM_CATACCCTCTCTGCCA-1,1
OV025N-INFRACOLICOMENTUM_CATACTTGTCAAGCCC-1,2
OV025N-INFRACOLICOMENTUM_CATAGACAGAGAGTTT-1,2
OV025N-INFRACOLICOMENTUM_CATAGACCAAACTCGT-1,2
OV025N-INFRACOLICOMENTUM_CATAGACCATCGCTCT-1,2
OV025N-INFRACOLICOMENTUM_CATCAAGGTAATGCGG-1,1
OV025N-INFRACOLICOMENTUM_CATCAAGTCAACCGAT-1,1
OV025N-INFRACOLICOMENTUM_CATCCACCAAATGAGT-1,1
OV025N-INFRACOLICOMENTUM_CATCCCAGTCCTGGGT-1,1
OV025N-INFRACOLICOMENTUM_CATCCCAGTGATTCAC-1,1
OV025N-INFRACOLICOMENTUM_CATCCCATCAGCAATC-1,1
OV025N-INFRACOLICOMENTUM_CATCGCTCAACCCGCA-1,2
OV025N-INFRACOLICOMENTUM_CATCGCTGTCGGCCTA-1,2
OV025N-INFRACOLICOMENTUM_CATCGCTTCCCTTGGT-1,1
OV025N-INFRACOLICOMENTUM_CATCGGGCACGAGGAT-1,2
OV025N-INFRACOLICOMENTUM_CATCGGGGTACTAACC-1,1
OV025N-INFRACOLICOMENTUM_CATCGGGGTCGATTCA-1,1
OV025N-INFRACOLICOMENTUM_CATCGGGTCCATCTGC-1,1
OV025N-INFRACOLICOMENTUM_CATCGTCTCATAGGCT-1,2
OV025N-INFRACOLICOMENTUM_CATCGTCTCTGCGGAC-1,1
OV025N-INFRACOLICOMENTUM_CATGCAACAGAACTAA-1,1
OV025N-INFRACOLICOMENTUM_CATGCAATCTACTGAG-1,1
OV025N-INFRACOLICOMENTUM_CATGCCTCAGAGTTCT-1,2
OV025N-INFRACOLICOMENTUM_CATGCCTGTGCCCGTA-1,1
OV025N-INFRACOLICOMENTUM_CATGCGGAGATCGCCC-1,2
OV025N-INFRACOLICOMENTUM_CATGCGGGTTGGCCGT-1,1
OV025N-INFRACOLICOMENTUM_CATGCGGTCCCGAATA-1,1
OV025N-INFRACOLICOMENTUM_CATGCTCAGTCGGCAA-1,1
OV025N-INFRACOLICOMENTUM_CATGCTCCAATGAGCG-1,2
OV025N-INFRACOLICOMENTUM_CATGCTCGTCGTACAT-1,1
OV025N-INFRACOLICOMENTUM_CATGGATCACACGCCA-1,2
OV025N-INFRACOLICOMENTUM_CATGGTACACCCATAA-1,1
OV025N-INFRACOLICOMENTUM_CATGGTAGTACCCAGC-1,1
OV025N-INFRACOLICOMENTUM_CATGGTAGTGGAAGTC-1,1
OV025N-INFRACOLICOMENTUM_CATTCCGCACCACTGG-1,1
OV025N-INFRACOLICOMENTUM_CATTCCGGTAGTGCGA-1,1
OV025N-INFRACOLICOMENTUM_CATTCTACAAGTCCCG-1,2
OV025N-INFRACOLICOMENTUM_CATTGAGCACATATCG-1,1
OV025N-INFRACOLICOMENTUM_CATTGAGTCTCTATGT-1,2
OV025N-INFRACOLICOMENTUM_CATTTCAGTCACCTTC-1,2
OV025N-INFRACOLICOMENTUM_CCAAGCGAGGAACTCG-1,1
OV025N-INFRACOLICOMENTUM_CCAAGCGGTGAATGTA-1,2
OV025N-INFRACOLICOMENTUM_CCAAGCGGTTGTCCCT-1,1
OV025N-INFRACOLICOMENTUM_CCAATGAAGCGTGTCC-1,1
OV025N-INFRACOLICOMENTUM_CCAATGACAAATCAGA-1,2
OV025N-INFRACOLICOMENTUM_CCAATGACAGGGACTA-1,1
OV025N-INFRACOLICOMENTUM_CCAATGATCTCGTGGG-1,1
OV025N-INFRACOLICOMENTUM_CCAATTTAGGTTCATC-1,1
OV025N-INFRACOLICOMENTUM_CCAATTTTCTTCCCAG-1,1
OV025N-INFRACOLICOMENTUM_CCACAAAAGAGAGGTA-1,2
OV025N-INFRACOLICOMENTUM_CCACAAAGTGTTACAC-1,2
OV025N-INFRACOLICOMENTUM_CCACACTGTCGTCGGT-1,2
OV025N-INFRACOLICOMENTUM_CCACCATAGTCAGAGC-1,1
OV025N-INFRACOLICOMENTUM_CCACCATGTTAGAAGT-1,2
OV025N-INFRACOLICOMENTUM_CCACGTTAGCCTCCAG-1,1
OV025N-INFRACOLICOMENTUM_CCACGTTGTGTCGATT-1,2
OV025N-INFRACOLICOMENTUM_CCACTTGTCAAGAATG-1,2
OV025N-INFRACOLICOMENTUM_CCATAAGGTATGATCC-1,1
OV025N-INFRACOLICOMENTUM_CCATCACGTCGGATTT-1,1
OV025N-INFRACOLICOMENTUM_CCCAACTCACGAAGAC-1,1
OV025N-INFRACOLICOMENTUM_CCCAACTGTTGCCTAA-1,2
OV025N-INFRACOLICOMENTUM_CCCGGAATCAAACTGC-1,1
OV025N-INFRACOLICOMENTUM_CCCTCTCGTGCATCTA-1,1
OV025N-INFRACOLICOMENTUM_CCCTCTCTCCTCACGT-1,1
OV025N-INFRACOLICOMENTUM_CCCTGATAGTTCATCG-1,1
OV025N-INFRACOLICOMENTUM_CCCTGATCACTCACTC-1,2
OV025N-INFRACOLICOMENTUM_CCCTGATGTCAGGCAA-1,2
OV025N-INFRACOLICOMENTUM_CCCTTAGTCGATGCAT-1,2
OV025N-INFRACOLICOMENTUM_CCGAACGAGGAGAATG-1,1
OV025N-INFRACOLICOMENTUM_CCGAACGCAACGATTC-1,2
OV025N-INFRACOLICOMENTUM_CCGATCTAGCTGAAAT-1,2
OV025N-INFRACOLICOMENTUM_CCGATCTCAGGTCCGT-1,2
OV025N-INFRACOLICOMENTUM_CCGATGGTCTTCCCGA-1,1
OV025N-INFRACOLICOMENTUM_CCGGACAAGCAAGGAA-1,1
OV025N-INFRACOLICOMENTUM_CCGGGTACACAACCGC-1,2
OV025N-INFRACOLICOMENTUM_CCGGGTAGTGTACAGG-1,1
OV025N-INFRACOLICOMENTUM_CCGGTAGTCCGGACTG-1,1
OV025N-INFRACOLICOMENTUM_CCGGTAGTCGCATTGA-1,1
OV025N-INFRACOLICOMENTUM_CCGGTGAAGCATCAAA-1,1
OV025N-INFRACOLICOMENTUM_CCGGTGATCGACCAAT-1,2
OV025N-INFRACOLICOMENTUM_CCGTAGGGTTGTACGT-1,1
OV025N-INFRACOLICOMENTUM_CCGTGAGGTGCAACAG-1,2
OV025N-INFRACOLICOMENTUM_CCGTGAGTCGGTAGAG-1,1
OV025N-INFRACOLICOMENTUM_CCGTTCACAGGTGACA-1,1
OV025N-INFRACOLICOMENTUM_CCGTTCATCTTCCACG-1,2
OV025N-INFRACOLICOMENTUM_CCTAAGAAGCATACTC-1,1
OV025N-INFRACOLICOMENTUM_CCTAAGATCGGCTGAC-1,1
OV025N-INFRACOLICOMENTUM_CCTACGTGTGGGTCAA-1,1
OV025N-INFRACOLICOMENTUM_CCTATCGCAATTGCAC-1,1
OV025N-INFRACOLICOMENTUM_CCTATCGGTAGCTCGC-1,1
OV025N-INFRACOLICOMENTUM_CCTATCGTCCGGACTG-1,2
OV025N-INFRACOLICOMENTUM_CCTCAACAGCACCTGC-1,2
OV025N-INFRACOLICOMENTUM_CCTCAACAGTTGTAGA-1,2
OV025N-INFRACOLICOMENTUM_CCTCACACACTACTTT-1,1
OV025N-INFRACOLICOMENTUM_CCTCACAGTGGTCTGC-1,2
OV025N-INFRACOLICOMENTUM_CCTCAGTCAAGCTGTT-1,2
OV025N-INFRACOLICOMENTUM_CCTCAGTGTAAGAACT-1,2
OV025N-INFRACOLICOMENTUM_CCTCCAAAGCTCGCAC-1,1
OV025N-INFRACOLICOMENTUM_CCTCCAATCTAAGGAA-1,2
OV025N-INFRACOLICOMENTUM_CCTCCTCAGTGATTCC-1,1
OV025N-INFRACOLICOMENTUM_CCTCTAGAGTGTTCAC-1,2
OV025N-INFRACOLICOMENTUM_CCTCTAGGTTCAGCGC-1,1
OV025N-INFRACOLICOMENTUM_CCTCTCCCATACAGCT-1,1
OV025N-INFRACOLICOMENTUM_CCTCTCCGTTCGGTCG-1,2
OV025N-INFRACOLICOMENTUM_CCTGCATAGACGATAT-1,2
OV025N-INFRACOLICOMENTUM_CCTGCATAGACGGTCA-1,1
OV025N-INFRACOLICOMENTUM_CCTGCATAGGATCATA-1,2
OV025N-INFRACOLICOMENTUM_CCTGCATGTACTGCCG-1,2
OV025N-INFRACOLICOMENTUM_CCTTGTGAGCACTAGG-1,1
OV025N-INFRACOLICOMENTUM_CCTTTGGGTGAATTAG-1,1
OV025N-INFRACOLICOMENTUM_CGAAGGATCACGTAGT-1,1
OV025N-INFRACOLICOMENTUM_CGAATTGAGACTACCT-1,1
OV025N-INFRACOLICOMENTUM_CGAATTGAGTGGTCAG-1,2
OV025N-INFRACOLICOMENTUM_CGAATTGTCTGGGCCA-1,1
OV025N-INFRACOLICOMENTUM_CGACAGCTCATTACGG-1,1
OV025N-INFRACOLICOMENTUM_CGACAGCTCTCGCTTG-1,1
OV025N-INFRACOLICOMENTUM_CGAGAAGCACGGAAGT-1,1
OV025N-INFRACOLICOMENTUM_CGAGAAGCATACAGCT-1,1
OV025N-INFRACOLICOMENTUM_CGAGAAGGTGCCAAGA-1,2
OV025N-INFRACOLICOMENTUM_CGAGAAGGTTCGGTCG-1,2
OV025N-INFRACOLICOMENTUM_CGAGAAGTCTTAATCC-1,2
OV025N-INFRACOLICOMENTUM_CGAGGAACAATAGTCC-1,2
OV025N-INFRACOLICOMENTUM_CGAGGCTTCTAACACG-1,1
OV025N-INFRACOLICOMENTUM_CGAGTGCAGGTTACCT-1,1
OV025N-INFRACOLICOMENTUM_CGAGTGCCAGAGGGTT-1,1
OV025N-INFRACOLICOMENTUM_CGAGTGCTCATTGTTC-1,1
OV025N-INFRACOLICOMENTUM_CGAGTGCTCTCGTTTA-1,1
OV025N-INFRACOLICOMENTUM_CGAGTGCTCTGCCTCA-1,2
OV025N-INFRACOLICOMENTUM_CGAGTTACATCAGCGC-1,1
OV025N-INFRACOLICOMENTUM_CGATCGGAGCCATCCG-1,1
OV025N-INFRACOLICOMENTUM_CGATCGGTCAGCGCGT-1,1
OV025N-INFRACOLICOMENTUM_CGATCGGTCATGGGAG-1,1
OV025N-INFRACOLICOMENTUM_CGATGCGGTGCCTTTC-1,1
OV025N-INFRACOLICOMENTUM_CGATGCGTCCGAAATC-1,1
OV025N-INFRACOLICOMENTUM_CGATGCGTCGCAGTTA-1,1
OV025N-INFRACOLICOMENTUM_CGCAGGTAGCCAAGCA-1,2
OV025N-INFRACOLICOMENTUM_CGCAGGTCATCATGAC-1,2
OV025N-INFRACOLICOMENTUM_CGCATAACAGGGATAC-1,1
OV025N-INFRACOLICOMENTUM_CGCATGGCAGAAGCTG-1,2
OV025N-INFRACOLICOMENTUM_CGCCAGACAAGCCCAC-1,2
OV025N-INFRACOLICOMENTUM_CGCCAGAGTTGGACTT-1,1
OV025N-INFRACOLICOMENTUM_CGCCAGATCGGTGCAC-1,1
OV025N-INFRACOLICOMENTUM_CGCCATTGTTCGGTTA-1,2
OV025N-INFRACOLICOMENTUM_CGCCATTTCGACACTA-1,1
OV025N-INFRACOLICOMENTUM_CGGAACCTCTTGGTCC-1,1
OV025N-INFRACOLICOMENTUM_CGGACACGTATCACGT-1,1
OV025N-INFRACOLICOMENTUM_CGGAGAACACACGGTC-1,2
OV025N-INFRACOLICOMENTUM_CGGCAGTAGCTGAAGC-1,1
OV025N-INFRACOLICOMENTUM_CGGGACTGTTTCTTAC-1,1
OV025N-INFRACOLICOMENTUM_CGGGCATGTAATGTGA-1,2
OV025N-INFRACOLICOMENTUM_CGGGCATTCGTCCATC-1,2
OV025N-INFRACOLICOMENTUM_CGGTCAGCATGTCTAG-1,2
OV025N-INFRACOLICOMENTUM_CGGTCAGTCCATAGGT-1,2
OV025N-INFRACOLICOMENTUM_CGTAAGTAGACAACAT-1,1
OV025N-INFRACOLICOMENTUM_CGTAAGTAGCATCAGG-1,1
OV025N-INFRACOLICOMENTUM_CGTAAGTGTCACAGTT-1,1
OV025N-INFRACOLICOMENTUM_CGTAATGAGGGAGTTC-1,1
OV025N-INFRACOLICOMENTUM_CGTAGTATCCTGCCAT-1,1
OV025N-INFRACOLICOMENTUM_CGTCCATAGATGGGCT-1,1
OV025N-INFRACOLICOMENTUM_CGTCCATCACAGCGCT-1,1
OV025N-INFRACOLICOMENTUM_CGTCCATCAGTTGTTG-1,1
OV025N-INFRACOLICOMENTUM_CGTGAATAGATTCGCT-1,2
OV025N-INFRACOLICOMENTUM_CGTGAATCAGTTTGGT-1,1
OV025N-INFRACOLICOMENTUM_CGTGAATTCGCTGTCT-1,1
OV025N-INFRACOLICOMENTUM_CGTGATACAGGACATG-1,2
OV025N-INFRACOLICOMENTUM_CGTGATAGTCATCACA-1,1
OV025N-INFRACOLICOMENTUM_CGTTAGAGTGAATGTA-1,1
OV025N-INFRACOLICOMENTUM_CGTTAGATCGTAGGAG-1,1
OV025N-INFRACOLICOMENTUM_CGTTCTGTCCCTGGTT-1,1
OV025N-INFRACOLICOMENTUM_CGTTGGGAGGCAGGGA-1,2
OV025N-INFRACOLICOMENTUM_CGTTGGGCAGCAGTAG-1,1
OV025N-INFRACOLICOMENTUM_CGTTGGGTCATCTATC-1,1
OV025N-INFRACOLICOMENTUM_CTAACCCAGTATGAGT-1,1
OV025N-INFRACOLICOMENTUM_CTAACCCAGTCAGCCC-1,2
OV025N-INFRACOLICOMENTUM_CTAACCCCAGTCAACT-1,1
OV025N-INFRACOLICOMENTUM_CTAACTTAGGGCAGGA-1,1
OV025N-INFRACOLICOMENTUM_CTACAGAAGAGCAGCT-1,2
OV025N-INFRACOLICOMENTUM_CTACAGATCAAGCGTT-1,1
OV025N-INFRACOLICOMENTUM_CTACATTGTTGGTACT-1,1
OV025N-INFRACOLICOMENTUM_CTACCCAAGCAAGTCG-1,1
OV025N-INFRACOLICOMENTUM_CTACCCACATAGGCGA-1,1
OV025N-INFRACOLICOMENTUM_CTACCCATCTACACAG-1,1
OV025N-INFRACOLICOMENTUM_CTACCCATCTCGTGGG-1,1
OV025N-INFRACOLICOMENTUM_CTACGGGGTGACTGTT-1,1
OV025N-INFRACOLICOMENTUM_CTACTATAGTGCTAGG-1,1
OV025N-INFRACOLICOMENTUM_CTAGACACATCAGTGT-1,1
OV025N-INFRACOLICOMENTUM_CTAGGTACACACCTTC-1,1
OV025N-INFRACOLICOMENTUM_CTAGGTACAGGGTCTC-1,2
OV025N-INFRACOLICOMENTUM_CTATAGGAGTGCTACT-1,1
OV025N-INFRACOLICOMENTUM_CTATAGGCAGTCGTTA-1,1
OV025N-INFRACOLICOMENTUM_CTATCCGAGCATGCAG-1,1
OV025N-INFRACOLICOMENTUM_CTATCTATCAAATGCC-1,1
OV025N-INFRACOLICOMENTUM_CTCAACCAGACCAAGC-1,2
OV025N-INFRACOLICOMENTUM_CTCAACCTCCCATACC-1,2
OV025N-INFRACOLICOMENTUM_CTCAACCTCTACGGTA-1,1
OV025N-INFRACOLICOMENTUM_CTCAATTTCCGCAACG-1,1
OV025N-INFRACOLICOMENTUM_CTCAATTTCGAGAGAC-1,1
OV025N-INFRACOLICOMENTUM_CTCACTGTCGTCCTTG-1,1
OV025N-INFRACOLICOMENTUM_CTCACTGTCTGTCCGT-1,1
OV025N-INFRACOLICOMENTUM_CTCAGAAGTCTTGCGG-1,2
OV025N-INFRACOLICOMENTUM_CTCAGAATCTTCTGTA-1,2
OV025N-INFRACOLICOMENTUM_CTCAGGGAGTGTCATC-1,2
OV025N-INFRACOLICOMENTUM_CTCAGTCAGGCCATAG-1,1
OV025N-INFRACOLICOMENTUM_CTCATCGGTTGTGTTG-1,2
OV025N-INFRACOLICOMENTUM_CTCATGCGTTTCGACA-1,1
OV025N-INFRACOLICOMENTUM_CTCATTAAGAGCGACT-1,1
OV025N-INFRACOLICOMENTUM_CTCATTAAGATGTTCC-1,2
OV025N-INFRACOLICOMENTUM_CTCATTATCGTTGTAG-1,2
OV025N-INFRACOLICOMENTUM_CTCCAACCAAGTATCC-1,1
OV025N-INFRACOLICOMENTUM_CTCCAACGTTACCGTA-1,1
OV025N-INFRACOLICOMENTUM_CTCCACAAGCAGTAAT-1,2
OV025N-INFRACOLICOMENTUM_CTCCACACAAGTGATA-1,2
OV025N-INFRACOLICOMENTUM_CTCCACACATGTGCCG-1,2
OV025N-INFRACOLICOMENTUM_CTCCATGAGGATGTTA-1,1
OV025N-INFRACOLICOMENTUM_CTCCATGGTTGAAGTA-1,1
OV025N-INFRACOLICOMENTUM_CTCCCAAAGCGTTAGG-1,1
OV025N-INFRACOLICOMENTUM_CTCCCTCGTTGTCATG-1,1
OV025N-INFRACOLICOMENTUM_CTCCGATGTTTACTGG-1,2
OV025N-INFRACOLICOMENTUM_CTCCTTTCAAGCTACT-1,1
OV025N-INFRACOLICOMENTUM_CTCCTTTCAATACCCA-1,1
OV025N-INFRACOLICOMENTUM_CTCCTTTTCGTAGTGT-1,2
OV025N-INFRACOLICOMENTUM_CTCGAGGTCCACAGCG-1,2
OV025N-INFRACOLICOMENTUM_CTCTCGAAGGGCAGGA-1,1
OV025N-INFRACOLICOMENTUM_CTGAATGCAAGGACAC-1,1
OV025N-INFRACOLICOMENTUM_CTGAATGTCAACCTTT-1,2
OV025N-INFRACOLICOMENTUM_CTGAGCGAGTTTGCTG-1,1
OV025N-INFRACOLICOMENTUM_CTGAGCGCATGGCTGC-1,1
OV025N-INFRACOLICOMENTUM_CTGAGGCAGCAACTTC-1,1
OV025N-INFRACOLICOMENTUM_CTGCAGGAGCCTGTGC-1,1
OV025N-INFRACOLICOMENTUM_CTGCCATAGCAGCCTC-1,1
OV025N-INFRACOLICOMENTUM_CTGCCATCATCGGAGA-1,1
OV025N-INFRACOLICOMENTUM_CTGCCATTCGTTCATT-1,1
OV025N-INFRACOLICOMENTUM_CTGCCATTCTTGCGCT-1,2
OV025N-INFRACOLICOMENTUM_CTGCCTAAGACCGCCT-1,1
OV025N-INFRACOLICOMENTUM_CTGCCTAAGGACAGTC-1,1
OV025N-INFRACOLICOMENTUM_CTGCCTACACGGCACT-1,1
OV025N-INFRACOLICOMENTUM_CTGCCTAGTTTACCAG-1,1
OV025N-INFRACOLICOMENTUM_CTGCGAGCAGCACAGA-1,2
OV025N-INFRACOLICOMENTUM_CTGCGAGGTATCCTTT-1,1
OV025N-INFRACOLICOMENTUM_CTGCGAGTCATTGAGC-1,2
OV025N-INFRACOLICOMENTUM_CTGCTCAAGTCGCCAC-1,2
OV025N-INFRACOLICOMENTUM_CTGCTCACACTGTGAT-1,2
OV025N-INFRACOLICOMENTUM_CTGGACGAGGGTACAC-1,1
OV025N-INFRACOLICOMENTUM_CTGGACGGTCGTGGTC-1,1
OV025N-INFRACOLICOMENTUM_CTGGACGTCAAACTGC-1,1
OV025N-INFRACOLICOMENTUM_CTGTACCGTCGTTATG-1,1
OV025N-INFRACOLICOMENTUM_CTGTACCGTCTGCAAT-1,1
OV025N-INFRACOLICOMENTUM_CTGTAGAGTACAGGTG-1,1
OV025N-INFRACOLICOMENTUM_CTGTCGTAGCAGTACG-1,1
OV025N-INFRACOLICOMENTUM_CTGTCGTAGTCATGAA-1,1
OV025N-INFRACOLICOMENTUM_CTGTGAACAGCTTCGG-1,1
OV025N-INFRACOLICOMENTUM_CTGTGGGCATACAGCT-1,1
OV025N-INFRACOLICOMENTUM_CTGTGGGTCTCGGTCT-1,1
OV025N-INFRACOLICOMENTUM_CTGTGGGTCTGTACAG-1,1
OV025N-INFRACOLICOMENTUM_CTTACCGGTATGGGAC-1,1
OV025N-INFRACOLICOMENTUM_CTTACCGTCTGGGCGT-1,1
OV025N-INFRACOLICOMENTUM_CTTAGGACACATCATG-1,1
OV025N-INFRACOLICOMENTUM_CTTCCTTAGCATTTCG-1,1
OV025N-INFRACOLICOMENTUM_CTTCTAATCCGCGAGT-1,2
OV025N-INFRACOLICOMENTUM_CTTCTAATCCGTAGTA-1,1
OV025N-INFRACOLICOMENTUM_CTTCTCTAGCGAATGC-1,1
OV025N-INFRACOLICOMENTUM_CTTCTCTCAGAAACCG-1,1
OV025N-INFRACOLICOMENTUM_CTTTCGGAGATAGCAT-1,1
OV025N-INFRACOLICOMENTUM_GAAATGAAGAAGCTCG-1,2
OV025N-INFRACOLICOMENTUM_GAAATGAAGACGCCAA-1,1
OV025N-INFRACOLICOMENTUM_GAAATGATCGTCCTCA-1,1
OV025N-INFRACOLICOMENTUM_GAACACTCACTGCTTC-1,1
OV025N-INFRACOLICOMENTUM_GAACTGTCAGACAATA-1,1
OV025N-INFRACOLICOMENTUM_GAACTGTTCCATTGTT-1,1
OV025N-INFRACOLICOMENTUM_GAAGAATGTTAGAGAT-1,2
OV025N-INFRACOLICOMENTUM_GAAGAATTCACGATAC-1,2
OV025N-INFRACOLICOMENTUM_GAAGAATTCAGAGTTC-1,1
OV025N-INFRACOLICOMENTUM_GAAGCCCCACAGTCAT-1,1
OV025N-INFRACOLICOMENTUM_GAAGGACAGGGACTGT-1,1
OV025N-INFRACOLICOMENTUM_GAAGGACAGTCGTCTA-1,1
OV025N-INFRACOLICOMENTUM_GAAGGGTCAGAGGTAC-1,1
OV025N-INFRACOLICOMENTUM_GAAGGGTGTACCTATG-1,2
OV025N-INFRACOLICOMENTUM_GAAGGGTTCTTCCACG-1,1
OV025N-INFRACOLICOMENTUM_GAAGTAAAGTCATGAA-1,1
OV025N-INFRACOLICOMENTUM_GAAGTAACAACTCGTA-1,2
OV025N-INFRACOLICOMENTUM_GAATAGATCATGAGGG-1,1
OV025N-INFRACOLICOMENTUM_GAATCACCAAGGCAAC-1,2
OV025N-INFRACOLICOMENTUM_GAATCACCACACCTTC-1,1
OV025N-INFRACOLICOMENTUM_GAATCACTCCGAGGCT-1,2
OV025N-INFRACOLICOMENTUM_GAATCGTAGGCGACAT-1,1
OV025N-INFRACOLICOMENTUM_GAATCGTCAGTTTGGT-1,2
OV025N-INFRACOLICOMENTUM_GACAGCCGTCATAAAG-1,1
OV025N-INFRACOLICOMENTUM_GACATCAGTATCGCAT-1,2
OV025N-INFRACOLICOMENTUM_GACATCATCAGTCTTT-1,1
OV025N-INFRACOLICOMENTUM_GACCAATAGTTCGCAT-1,1
OV025N-INFRACOLICOMENTUM_GACCAATCAAACGTGG-1,2
OV025N-INFRACOLICOMENTUM_GACCAATGTACGCTAT-1,1
OV025N-INFRACOLICOMENTUM_GACCAATTCAAACGAA-1,2
OV025N-INFRACOLICOMENTUM_GACCCAGAGCATTGTC-1,2
OV025N-INFRACOLICOMENTUM_GACCCAGTCCACGAAT-1,1
OV025N-INFRACOLICOMENTUM_GACCCTTAGCGTCAAG-1,1
OV025N-INFRACOLICOMENTUM_GACCCTTCAACTGGTT-1,2
OV025N-INFRACOLICOMENTUM_GACCCTTTCACCTCGT-1,2
OV025N-INFRACOLICOMENTUM_GACCGTGAGGTTTGAA-1,2
OV025N-INFRACOLICOMENTUM_GACCGTGTCTCGTGGG-1,1
OV025N-INFRACOLICOMENTUM_GACCGTGTCTTACACT-1,1
OV025N-INFRACOLICOMENTUM_GACCTTCCACGGCACT-1,1
OV025N-INFRACOLICOMENTUM_GACCTTCGTGGTTTGT-1,1
OV025N-INFRACOLICOMENTUM_GACGCTGCAATTCTCT-1,1
OV025N-INFRACOLICOMENTUM_GACTATGCAGTGTACT-1,1
OV025N-INFRACOLICOMENTUM_GACTCTCAGCCGTTAT-1,1
OV025N-INFRACOLICOMENTUM_GACTCTCCACCAAATC-1,1
OV025N-INFRACOLICOMENTUM_GACTGATAGCGACATG-1,1
OV025N-INFRACOLICOMENTUM_GACTGATAGGAAAGTG-1,1
OV025N-INFRACOLICOMENTUM_GACTGATGTAAGATAC-1,1
OV025N-INFRACOLICOMENTUM_GAGACCCCACTACAGT-1,1
OV025N-INFRACOLICOMENTUM_GAGACCCTCTTGAGCA-1,2
OV025N-INFRACOLICOMENTUM_GAGACTTAGGCCGCTT-1,1
OV025N-INFRACOLICOMENTUM_GAGACTTCAACATACC-1,1
OV025N-INFRACOLICOMENTUM_GAGACTTTCTCTGACC-1,1
OV025N-INFRACOLICOMENTUM_GAGATGGGTTGCCAAT-1,2
OV025N-INFRACOLICOMENTUM_GAGCCTGCAATAGGAT-1,1
OV025N-INFRACOLICOMENTUM_GAGCCTGCAGTTCACA-1,1
OV025N-INFRACOLICOMENTUM_GAGCTGCCACCTATCC-1,2
OV025N-INFRACOLICOMENTUM_GAGCTGCGTAGTCACT-1,2
OV025N-INFRACOLICOMENTUM_GAGCTGCGTTCTAACG-1,1
OV025N-INFRACOLICOMENTUM_GAGCTGCTCCCAGCGA-1,1
OV025N-INFRACOLICOMENTUM_GAGGCAACAGTCGAGA-1,1
OV025N-INFRACOLICOMENTUM_GAGGGTAAGGCGCTCT-1,1
OV025N-INFRACOLICOMENTUM_GAGGGTACACCCTGTT-1,2
OV025N-INFRACOLICOMENTUM_GAGGGTATCTAGTTCT-1,1
OV025N-INFRACOLICOMENTUM_GAGTCATAGAACCGCA-1,1
OV025N-INFRACOLICOMENTUM_GAGTCATCAGGCACAA-1,2
OV025N-INFRACOLICOMENTUM_GAGTCTAGTGCCTTTC-1,1
OV025N-INFRACOLICOMENTUM_GAGTCTAGTGTCCATA-1,2
OV025N-INFRACOLICOMENTUM_GAGTGAGTCGTGGCGT-1,1
OV025N-INFRACOLICOMENTUM_GAGTGTTAGATTGACA-1,1
OV025N-INFRACOLICOMENTUM_GAGTGTTAGGCTTCCG-1,1
OV025N-INFRACOLICOMENTUM_GAGTTACGTCGCATCG-1,2
OV025N-INFRACOLICOMENTUM_GAGTTACGTCGGATTT-1,1
OV025N-INFRACOLICOMENTUM_GAGTTACGTCGTAATC-1,1
OV025N-INFRACOLICOMENTUM_GAGTTGTGTAATTGGA-1,1
OV025N-INFRACOLICOMENTUM_GAGTTGTTCGTGTGAT-1,2
OV025N-INFRACOLICOMENTUM_GAGTTTGAGATGAATC-1,2
OV025N-INFRACOLICOMENTUM_GAGTTTGGTCATAGTC-1,1
OV025N-INFRACOLICOMENTUM_GAGTTTGGTGGCTTGC-1,1
OV025N-INFRACOLICOMENTUM_GAGTTTGTCGAATCCA-1,2
OV025N-INFRACOLICOMENTUM_GATAGAACAGAACATA-1,1
OV025N-INFRACOLICOMENTUM_GATAGCTCAAGGGTCA-1,2
OV025N-INFRACOLICOMENTUM_GATCACACAGGGCTTC-1,1
OV025N-INFRACOLICOMENTUM_GATCACAGTGAATTGA-1,1
OV025N-INFRACOLICOMENTUM_GATCAGTAGCATATGA-1,1
OV025N-INFRACOLICOMENTUM_GATCATGAGGGCAGTT-1,1
OV025N-INFRACOLICOMENTUM_GATCATGCATGTGGCC-1,1
OV025N-INFRACOLICOMENTUM_GATCCCTAGAGCATTA-1,1
OV025N-INFRACOLICOMENTUM_GATCCCTAGGATGCGT-1,1
OV025N-INFRACOLICOMENTUM_GATCCCTCAGCAGACA-1,2
OV025N-INFRACOLICOMENTUM_GATCCCTTCGAGAGAC-1,2
OV025N-INFRACOLICOMENTUM_GATCCCTTCTTCCACG-1,1
OV025N-INFRACOLICOMENTUM_GATCGTACAATTTCGG-1,1
OV025N-INFRACOLICOMENTUM_GATCGTATCGCGGACT-1,2
OV025N-INFRACOLICOMENTUM_GATCGTATCTGGTGGC-1,1
OV025N-INFRACOLICOMENTUM_GATGAGGTCCATCTCG-1,1
OV025N-INFRACOLICOMENTUM_GATGAGGTCGTAGCCG-1,2
OV025N-INFRACOLICOMENTUM_GATGATCCAGAACTCT-1,1
OV025N-INFRACOLICOMENTUM_GATGATCCAGATCATC-1,2
OV025N-INFRACOLICOMENTUM_GATGATCGTATTCCGA-1,2
OV025N-INFRACOLICOMENTUM_GATGCTAGTTCAGTAC-1,1
OV025N-INFRACOLICOMENTUM_GATGTTGAGTGAGGTC-1,1
OV025N-INFRACOLICOMENTUM_GATTCGAAGAGTTGTA-1,1
OV025N-INFRACOLICOMENTUM_GATTCGACACCCAAGC-1,1
OV025N-INFRACOLICOMENTUM_GATTGGTAGGAACGTC-1,1
OV025N-INFRACOLICOMENTUM_GATTGGTCACAGCTGC-1,1
OV025N-INFRACOLICOMENTUM_GATTGGTCATGCCATA-1,1
OV025N-INFRACOLICOMENTUM_GCAACATGTGGACTAG-1,1
OV025N-INFRACOLICOMENTUM_GCAACATGTTGTACGT-1,1
OV025N-INFRACOLICOMENTUM_GCAACATTCGTGGCTG-1,1
OV025N-INFRACOLICOMENTUM_GCAACCGTCATGACAC-1,1
OV025N-INFRACOLICOMENTUM_GCACGGTAGCCTATCA-1,1
OV025N-INFRACOLICOMENTUM_GCACGGTAGGCTAACG-1,2
OV025N-INFRACOLICOMENTUM_GCACGGTGTCGTGGTC-1,1
OV025N-INFRACOLICOMENTUM_GCACGTGTCGTAGGGA-1,1
OV025N-INFRACOLICOMENTUM_GCACTAATCTACTCAT-1,1
OV025N-INFRACOLICOMENTUM_GCAGCCAGTGTCGATT-1,1
OV025N-INFRACOLICOMENTUM_GCAGCCAGTTCAAAGA-1,1
OV025N-INFRACOLICOMENTUM_GCAGCTGGTGGCTACC-1,1
OV025N-INFRACOLICOMENTUM_GCAGCTGGTGGCTCTG-1,1
OV025N-INFRACOLICOMENTUM_GCAGTTACAACTGTGT-1,2
OV025N-INFRACOLICOMENTUM_GCAGTTAGTCGAGCTC-1,2
OV025N-INFRACOLICOMENTUM_GCAGTTATCACCTGGG-1,1
OV025N-INFRACOLICOMENTUM_GCATCGGAGTTCAACC-1,1
OV025N-INFRACOLICOMENTUM_GCATCGGCAATGGCAG-1,2
OV025N-INFRACOLICOMENTUM_GCATCGGCACTCCGGA-1,1
OV025N-INFRACOLICOMENTUM_GCATCGGCAGACAAGC-1,2
OV025N-INFRACOLICOMENTUM_GCATCGGTCGCCACTT-1,2
OV025N-INFRACOLICOMENTUM_GCATCTCCAGCCTACG-1,1
OV025N-INFRACOLICOMENTUM_GCATTAGGTTGTAGCT-1,2
OV025N-INFRACOLICOMENTUM_GCCAACGCAAAGGAGA-1,1
OV025N-INFRACOLICOMENTUM_GCCAGCAGTATCTTCT-1,2
OV025N-INFRACOLICOMENTUM_GCCAGCATCATTTACC-1,1
OV025N-INFRACOLICOMENTUM_GCCAGGTCAAATACGA-1,2
OV025N-INFRACOLICOMENTUM_GCCAGGTTCCATGAGT-1,2
OV025N-INFRACOLICOMENTUM_GCCAGTGTCTTACCAT-1,1
OV025N-INFRACOLICOMENTUM_GCCATGGGTCATCAGT-1,1
OV025N-INFRACOLICOMENTUM_GCCATTCAGTCCTGCG-1,2
OV025N-INFRACOLICOMENTUM_GCCATTCTCTGCGATA-1,1
OV025N-INFRACOLICOMENTUM_GCCCAGAGTTCTCGCT-1,1
OV025N-INFRACOLICOMENTUM_GCCGATGAGGGCAGGA-1,2
OV025N-INFRACOLICOMENTUM_GCGATCGTCGAGGCAA-1,1
OV025N-INFRACOLICOMENTUM_GCGATCGTCTTCCCGA-1,1
OV025N-INFRACOLICOMENTUM_GCGGAAACAACCGCCA-1,1
OV025N-INFRACOLICOMENTUM_GCGGATCAGCGTTGTT-1,2
OV025N-INFRACOLICOMENTUM_GCGGATCGTGATAGAT-1,1
OV025N-INFRACOLICOMENTUM_GCGTGCAAGGATTACA-1,1
OV025N-INFRACOLICOMENTUM_GCGTGCAGTGGACTAG-1,1
OV025N-INFRACOLICOMENTUM_GCGTGCATCTCGTTTA-1,1
OV025N-INFRACOLICOMENTUM_GCTACCTGTCCACGCA-1,2
OV025N-INFRACOLICOMENTUM_GCTCAAAAGTTGCCCG-1,1
OV025N-INFRACOLICOMENTUM_GCTGAATCAAGGTTGG-1,2
OV025N-INFRACOLICOMENTUM_GCTGAATCACCTCAGG-1,1
OV025N-INFRACOLICOMENTUM_GCTGCAGCATTATGCG-1,1
OV025N-INFRACOLICOMENTUM_GCTGGGTGTCGCAACC-1,2
OV025N-INFRACOLICOMENTUM_GCTGGGTTCATTTCCA-1,2
OV025N-INFRACOLICOMENTUM_GCTGGGTTCCTAACAG-1,2
OV025N-INFRACOLICOMENTUM_GCTTGGGTCCCATAGA-1,1
OV025N-INFRACOLICOMENTUM_GGAACCCAGTTTCTTC-1,1
OV025N-INFRACOLICOMENTUM_GGAATCTAGGTTCCGC-1,2
OV025N-INFRACOLICOMENTUM_GGAATCTGTTGGAGAC-1,1
OV025N-INFRACOLICOMENTUM_GGAATGGCACGCCAGT-1,1
OV025N-INFRACOLICOMENTUM_GGACGTCGTAAGCAAT-1,2
OV025N-INFRACOLICOMENTUM_GGAGAACCAGACCGCT-1,1
OV025N-INFRACOLICOMENTUM_GGAGAACTCACTCTTA-1,2
OV025N-INFRACOLICOMENTUM_GGAGATGGTCGGTACC-1,1
OV025N-INFRACOLICOMENTUM_GGAGCAATCACCTCGT-1,1
OV025N-INFRACOLICOMENTUM_GGAGGATAGCTAGCCC-1,1
OV025N-INFRACOLICOMENTUM_GGAGGATGTGCAACAG-1,1
OV025N-INFRACOLICOMENTUM_GGAGGTAAGCCTCGTG-1,2
OV025N-INFRACOLICOMENTUM_GGAGGTAGTCAGTCTA-1,2
OV025N-INFRACOLICOMENTUM_GGAGGTATCTCTTAAC-1,1
OV025N-INFRACOLICOMENTUM_GGCACGTGTTAGGACG-1,1
OV025N-INFRACOLICOMENTUM_GGCAGTCCATTGGCAT-1,2
OV025N-INFRACOLICOMENTUM_GGCGTCATCACTGTTT-1,2
OV025N-INFRACOLICOMENTUM_GGCGTCATCTTAGCAG-1,2
OV025N-INFRACOLICOMENTUM_GGCTGTGCATTAGGAA-1,1
OV025N-INFRACOLICOMENTUM_GGCTTGGTCAGTCACA-1,1
OV025N-INFRACOLICOMENTUM_GGCTTGGTCCGTCAAA-1,1
OV025N-INFRACOLICOMENTUM_GGCTTTCTCGTCTAAG-1,2
OV025N-INFRACOLICOMENTUM_GGGAAGTCACGACGTC-1,2
OV025N-INFRACOLICOMENTUM_GGGAAGTTCGGTCTAA-1,1
OV025N-INFRACOLICOMENTUM_GGGACAACATCGGAGA-1,1
OV025N-INFRACOLICOMENTUM_GGGACAATCTGTCTCG-1,1
OV025N-INFRACOLICOMENTUM_GGGACCTAGGACGCTA-1,2
OV025N-INFRACOLICOMENTUM_GGGACCTAGGTGATCG-1,1
OV025N-INFRACOLICOMENTUM_GGGACTCAGAAGTCTA-1,1
OV025N-INFRACOLICOMENTUM_GGGACTCAGAGGCGTT-1,1
OV025N-INFRACOLICOMENTUM_GGGACTCAGGTGCCAA-1,2
OV025N-INFRACOLICOMENTUM_GGGACTCAGTAGCAAT-1,2
OV025N-INFRACOLICOMENTUM_GGGACTCCAACTACGT-1,1
OV025N-INFRACOLICOMENTUM_GGGAGATAGCGACATG-1,1
OV025N-INFRACOLICOMENTUM_GGGAGATCAGCTGAAG-1,2
OV025N-INFRACOLICOMENTUM_GGGATCCCAGTCACGC-1,1
OV025N-INFRACOLICOMENTUM_GGGATCCGTGTTCAGT-1,1
OV025N-INFRACOLICOMENTUM_GGGCCATTCCAGCTCT-1,1
OV025N-INFRACOLICOMENTUM_GGGCGTTGTTGCCTAA-1,1
OV025N-INFRACOLICOMENTUM_GGGCTACCACACCGCA-1,1
OV025N-INFRACOLICOMENTUM_GGGTAGACAAAGAACT-1,2
OV025N-INFRACOLICOMENTUM_GGGTATTCATCCGCGA-1,2
OV025N-INFRACOLICOMENTUM_GGGTATTCATCCTAAG-1,1
OV025N-INFRACOLICOMENTUM_GGGTATTCATGGGTCC-1,1
OV025N-INFRACOLICOMENTUM_GGGTCTGAGGACTATA-1,2
OV025N-INFRACOLICOMENTUM_GGGTGAACAATTCTCT-1,1
OV025N-INFRACOLICOMENTUM_GGGTGAAGTATGCAAA-1,2
OV025N-INFRACOLICOMENTUM_GGGTGTCCACTAGTAC-1,1
OV025N-INFRACOLICOMENTUM_GGGTGTCGTATGAGGC-1,2
OV025N-INFRACOLICOMENTUM_GGGTGTCGTGTGCCTG-1,2
OV025N-INFRACOLICOMENTUM_GGGTGTCTCAGACCCG-1,2
OV025N-INFRACOLICOMENTUM_GGGTGTCTCCTGCTAC-1,1
OV025N-INFRACOLICOMENTUM_GGGTGTCTCGTGGCGT-1,1
OV025N-INFRACOLICOMENTUM_GGGTTATGTCATTGCA-1,2
OV025N-INFRACOLICOMENTUM_GGGTTTACAGTTGAAA-1,2
OV025N-INFRACOLICOMENTUM_GGGTTTACATAGGTAA-1,1
OV025N-INFRACOLICOMENTUM_GGTAATCAGAGGATCC-1,2
OV025N-INFRACOLICOMENTUM_GGTAATCTCATCTCTA-1,1
OV025N-INFRACOLICOMENTUM_GGTAGAGCATCCTGTC-1,2
OV025N-INFRACOLICOMENTUM_GGTCTGGGTGCTCTTC-1,1
OV025N-INFRACOLICOMENTUM_GGTGAAGTCCCGTTGT-1,1
OV025N-INFRACOLICOMENTUM_GGTGAAGTCTATACGG-1,1
OV025N-INFRACOLICOMENTUM_GGTGTCGAGCAAGTCG-1,1
OV025N-INFRACOLICOMENTUM_GGTGTCGCAACATCGT-1,1
OV025N-INFRACOLICOMENTUM_GGTTAACGTATAGGAT-1,1
OV025N-INFRACOLICOMENTUM_GGTTAACTCAAACGAA-1,2
OV025N-INFRACOLICOMENTUM_GGTTAACTCCTAGCTC-1,1
OV025N-INFRACOLICOMENTUM_GGTTGTAAGTGGCCTC-1,1
OV025N-INFRACOLICOMENTUM_GTAACACCAGAGATTA-1,1
OV025N-INFRACOLICOMENTUM_GTAACACCATCTAGAC-1,1
OV025N-INFRACOLICOMENTUM_GTAACCAAGAGTATAC-1,2
OV025N-INFRACOLICOMENTUM_GTAACCATCTCGGTCT-1,1
OV025N-INFRACOLICOMENTUM_GTAATCGCAACGTTAC-1,1
OV025N-INFRACOLICOMENTUM_GTAATGCGTAAGTTAG-1,2
OV025N-INFRACOLICOMENTUM_GTACAACCACAGTCAT-1,2
OV025N-INFRACOLICOMENTUM_GTACAACCAGGAAGTC-1,1
OV025N-INFRACOLICOMENTUM_GTACAACTCTGAGATC-1,1
OV025N-INFRACOLICOMENTUM_GTACAGTCAAGAGCTG-1,2
OV025N-INFRACOLICOMENTUM_GTACAGTGTCATCACA-1,1
OV025N-INFRACOLICOMENTUM_GTAGAGGAGGAGAGTA-1,1
OV025N-INFRACOLICOMENTUM_GTAGATCTCTACGCGG-1,1
OV025N-INFRACOLICOMENTUM_GTAGCTAAGACAACTA-1,1
OV025N-INFRACOLICOMENTUM_GTAGCTATCATCGCCT-1,2
OV025N-INFRACOLICOMENTUM_GTAGGAGGTGGTCTAT-1,1
OV025N-INFRACOLICOMENTUM_GTAGGTTAGCCTCAGC-1,2
OV025N-INFRACOLICOMENTUM_GTAGGTTTCCGAGGCT-1,1
OV025N-INFRACOLICOMENTUM_GTAGTACGTGAGTCAG-1,2
OV025N-INFRACOLICOMENTUM_GTATTGGAGAAAGCGA-1,1
OV025N-INFRACOLICOMENTUM_GTATTGGTCACCGCTT-1,2
OV025N-INFRACOLICOMENTUM_GTATTTCAGCCTCTTC-1,2
OV025N-INFRACOLICOMENTUM_GTATTTCTCAACCTCC-1,1
OV025N-INFRACOLICOMENTUM_GTCAAACTCCATCTAT-1,2
OV025N-INFRACOLICOMENTUM_GTCAAGTTCCCTCTAG-1,2
OV025N-INFRACOLICOMENTUM_GTCACGGAGTTATGGA-1,1
OV025N-INFRACOLICOMENTUM_GTCACGGCACATGACT-1,2
OV025N-INFRACOLICOMENTUM_GTCACGGGTAGTTAGA-1,2
OV025N-INFRACOLICOMENTUM_GTCACGGGTGAGGATC-1,2
OV025N-INFRACOLICOMENTUM_GTCACTCAGGGTACAC-1,2
OV025N-INFRACOLICOMENTUM_GTCACTCTCCAACACA-1,1
OV025N-INFRACOLICOMENTUM_GTCAGCGTCCGTGTGG-1,2
OV025N-INFRACOLICOMENTUM_GTCATCCAGGAGACCT-1,1
OV025N-INFRACOLICOMENTUM_GTCATCCAGTTGCTCA-1,1
OV025N-INFRACOLICOMENTUM_GTCATGAAGCACCGTC-1,1
OV025N-INFRACOLICOMENTUM_GTCATGACAAGCCATT-1,1
OV025N-INFRACOLICOMENTUM_GTCCACTGTCCCTCAT-1,1
OV025N-INFRACOLICOMENTUM_GTCCCATAGATCACTC-1,1
OV025N-INFRACOLICOMENTUM_GTCCTCACACGACCTG-1,1
OV025N-INFRACOLICOMENTUM_GTCCTCATCGTTCATT-1,1
OV025N-INFRACOLICOMENTUM_GTCGAATTCCTGTACC-1,1
OV025N-INFRACOLICOMENTUM_GTCGTAATCTTCGTAT-1,2
OV025N-INFRACOLICOMENTUM_GTCTACCCACGTAGAG-1,2
OV025N-INFRACOLICOMENTUM_GTCTACCTCCGGCTTT-1,1
OV025N-INFRACOLICOMENTUM_GTCTAGATCACCTTGC-1,1
OV025N-INFRACOLICOMENTUM_GTCTGTCCAAGGTTGG-1,1
OV025N-INFRACOLICOMENTUM_GTCTGTCGTTTCGCTC-1,1
OV025N-INFRACOLICOMENTUM_GTCTTTAAGTCACAGG-1,1
OV025N-INFRACOLICOMENTUM_GTGAGCCGTAACAGTA-1,1
OV025N-INFRACOLICOMENTUM_GTGAGGAAGAACTGAT-1,2
OV025N-INFRACOLICOMENTUM_GTGAGGACAGCTTTGA-1,2
OV025N-INFRACOLICOMENTUM_GTGAGTTCAGGTGAGT-1,1
OV025N-INFRACOLICOMENTUM_GTGCACGCATGTTCGA-1,2
OV025N-INFRACOLICOMENTUM_GTGCAGCTCCCTATTA-1,2
OV025N-INFRACOLICOMENTUM_GTGCGTGAGCCACTCG-1,1
OV025N-INFRACOLICOMENTUM_GTGCGTGCAGCGACAA-1,1
OV025N-INFRACOLICOMENTUM_GTGCGTGTCAAGCCGC-1,2
OV025N-INFRACOLICOMENTUM_GTGCGTGTCTTCGGTC-1,1
OV025N-INFRACOLICOMENTUM_GTGCTGGAGAAGTCCG-1,1
OV025N-INFRACOLICOMENTUM_GTGCTGGTCGAGAATA-1,2
OV025N-INFRACOLICOMENTUM_GTGCTTCAGCCGAACA-1,2
OV025N-INFRACOLICOMENTUM_GTGCTTCTCACCTCTG-1,2
OV025N-INFRACOLICOMENTUM_GTGCTTCTCCAGCTCT-1,1
OV025N-INFRACOLICOMENTUM_GTGGAAGTCGCTAAAC-1,1
OV025N-INFRACOLICOMENTUM_GTGGCGTGTCACAATC-1,1
OV025N-INFRACOLICOMENTUM_GTGGGAAAGGTCTACT-1,2
OV025N-INFRACOLICOMENTUM_GTGGGAATCTCCTGAC-1,1
OV025N-INFRACOLICOMENTUM_GTGGTTACACTATGTG-1,2
OV025N-INFRACOLICOMENTUM_GTGGTTATCCTACGAA-1,1
OV025N-INFRACOLICOMENTUM_GTGTAACCACATTGTG-1,1
OV025N-INFRACOLICOMENTUM_GTGTAACCACCCAATA-1,1
OV025N-INFRACOLICOMENTUM_GTGTCCTAGGGTATAT-1,1
OV025N-INFRACOLICOMENTUM_GTGTGATTCGTTACCC-1,1
OV025N-INFRACOLICOMENTUM_GTGTGGCAGGAATTAC-1,1
OV025N-INFRACOLICOMENTUM_GTGTGGCAGTACTCGT-1,1
OV025N-INFRACOLICOMENTUM_GTGTGGCCACTAACGT-1,1
OV025N-INFRACOLICOMENTUM_GTGTGGCTCTCTTAAC-1,1
OV025N-INFRACOLICOMENTUM_GTGTTAGGTTATTCCT-1,1
OV025N-INFRACOLICOMENTUM_GTGTTCCAGCAGGCAT-1,2
OV025N-INFRACOLICOMENTUM_GTGTTCCTCTCAGTCC-1,1
OV025N-INFRACOLICOMENTUM_GTGTTCCTCTGTACAG-1,1
OV025N-INFRACOLICOMENTUM_GTTACCCGTCCTCATC-1,1
OV025N-INFRACOLICOMENTUM_GTTACGATCGCCAACG-1,2
OV025N-INFRACOLICOMENTUM_GTTAGACAGATAGCTA-1,1
OV025N-INFRACOLICOMENTUM_GTTAGACTCCACGAAT-1,1
OV025N-INFRACOLICOMENTUM_GTTAGACTCGCCGATG-1,1
OV025N-INFRACOLICOMENTUM_GTTAGACTCGTGCACG-1,1
OV025N-INFRACOLICOMENTUM_GTTAGTGTCCGTAATG-1,1
OV025N-INFRACOLICOMENTUM_GTTATGGTCGATTGGT-1,2
OV025N-INFRACOLICOMENTUM_GTTCATTAGCGCCTAC-1,1
OV025N-INFRACOLICOMENTUM_GTTCATTAGGACTGGT-1,1
OV025N-INFRACOLICOMENTUM_GTTCATTCATGACGTT-1,1
OV025N-INFRACOLICOMENTUM_GTTCATTTCTATGTGG-1,2
OV025N-INFRACOLICOMENTUM_GTTCCGTGTTCCAAAC-1,1
OV025N-INFRACOLICOMENTUM_GTTCGCTAGGAAAGAC-1,1
OV025N-INFRACOLICOMENTUM_GTTCGCTAGGGTCAAC-1,1
OV025N-INFRACOLICOMENTUM_GTTCGCTTCACTGATG-1,1
OV025N-INFRACOLICOMENTUM_GTTCTATAGAGCGACT-1,1
OV025N-INFRACOLICOMENTUM_GTTCTATAGGACGGAG-1,1
OV025N-INFRACOLICOMENTUM_GTTGCGGTCGAGAGCA-1,1
OV025N-INFRACOLICOMENTUM_GTTGCTCTCTAGTCAG-1,1
OV025N-INFRACOLICOMENTUM_GTTGTAGTCTTCACGC-1,1
OV025N-INFRACOLICOMENTUM_GTTGTCCAGACTTGTC-1,1
OV025N-INFRACOLICOMENTUM_GTTGTGAGTGTATTCG-1,1
OV025N-INFRACOLICOMENTUM_GTTTACTCAGCAGTGA-1,2
OV025N-INFRACOLICOMENTUM_GTTTACTTCAGACCGC-1,1
OV025N-INFRACOLICOMENTUM_GTTTACTTCGGCTCTT-1,1
OV025N-INFRACOLICOMENTUM_GTTTGGAAGAAACTGT-1,1
OV025N-INFRACOLICOMENTUM_GTTTGGACATTGTGCA-1,1
OV025N-INFRACOLICOMENTUM_TAACGACCAAAGAGTT-1,1
OV025N-INFRACOLICOMENTUM_TAACTTCTCGCCTATC-1,1
OV025N-INFRACOLICOMENTUM_TAAGCCATCGGAAGGT-1,2
OV025N-INFRACOLICOMENTUM_TAAGCGTAGATCCGAG-1,1
OV025N-INFRACOLICOMENTUM_TAAGTCGCAGCCTACG-1,1
OV025N-INFRACOLICOMENTUM_TAAGTCGGTAGAATGT-1,1
OV025N-INFRACOLICOMENTUM_TAATTCCGTGCTTATG-1,1
OV025N-INFRACOLICOMENTUM_TACAACGGTCACTTAG-1,1
OV025N-INFRACOLICOMENTUM_TACAACGGTTCAAGTC-1,1
OV025N-INFRACOLICOMENTUM_TACACCCGTACGTAGG-1,1
OV025N-INFRACOLICOMENTUM_TACAGGTCATGAGAAT-1,1
OV025N-INFRACOLICOMENTUM_TACAGGTTCGATACGT-1,2
OV025N-INFRACOLICOMENTUM_TACATTCCAAGGGCAT-1,1
OV025N-INFRACOLICOMENTUM_TACATTCGTCCAGTTA-1,1
OV025N-INFRACOLICOMENTUM_TACATTCGTCGCTTGG-1,2
OV025N-INFRACOLICOMENTUM_TACCCACCAGATACCT-1,2
OV025N-INFRACOLICOMENTUM_TACCCACCAGATTAAG-1,1
OV025N-INFRACOLICOMENTUM_TACCCACCAGTAACGG-1,1
OV025N-INFRACOLICOMENTUM_TACCGAAAGAGTTGCG-1,2
OV025N-INFRACOLICOMENTUM_TACCGAACAGCGTGCT-1,1
OV025N-INFRACOLICOMENTUM_TACCGAAGTCTCAAGT-1,1
OV025N-INFRACOLICOMENTUM_TACCTCGGTTGTGTAC-1,1
OV025N-INFRACOLICOMENTUM_TACCTGCGTATAGCTC-1,2
OV025N-INFRACOLICOMENTUM_TACGCTCGTCCGGCAT-1,1
OV025N-INFRACOLICOMENTUM_TACGCTCTCTTTGGAG-1,1
OV025N-INFRACOLICOMENTUM_TACGGGCCATAGTCAC-1,2
OV025N-INFRACOLICOMENTUM_TACGGGCGTTGTGCAT-1,1
OV025N-INFRACOLICOMENTUM_TACTGCCTCCGATAAC-1,1
OV025N-INFRACOLICOMENTUM_TACTTACAGAAACTGT-1,2
OV025N-INFRACOLICOMENTUM_TACTTGTCAGAGATGC-1,1
OV025N-INFRACOLICOMENTUM_TACTTGTGTAACTGCT-1,1
OV025N-INFRACOLICOMENTUM_TACTTGTGTGCTGATT-1,1
OV025N-INFRACOLICOMENTUM_TACTTGTTCCCTCATG-1,1
OV025N-INFRACOLICOMENTUM_TAGACCACACGTAACT-1,1
OV025N-INFRACOLICOMENTUM_TAGACTGCAGAGGCAT-1,1
OV025N-INFRACOLICOMENTUM_TAGACTGTCCCATAAG-1,2
OV025N-INFRACOLICOMENTUM_TAGAGTCAGAAGCGCT-1,2
OV025N-INFRACOLICOMENTUM_TAGAGTCCACGACGAA-1,1
OV025N-INFRACOLICOMENTUM_TAGATCGGTCACTTCC-1,1
OV025N-INFRACOLICOMENTUM_TAGCACAAGGACACTG-1,1
OV025N-INFRACOLICOMENTUM_TAGCACAAGGTTCCAT-1,1
OV025N-INFRACOLICOMENTUM_TAGCACATCGGTCTAA-1,2
OV025N-INFRACOLICOMENTUM_TAGGAGGAGACTTCCA-1,1
OV025N-INFRACOLICOMENTUM_TAGGAGGAGTCTTCGA-1,1
OV025N-INFRACOLICOMENTUM_TAGGGTTCATTGACTG-1,2
OV025N-INFRACOLICOMENTUM_TAGGGTTGTTGTCAGT-1,1
OV025N-INFRACOLICOMENTUM_TAGGTACCACACTGGC-1,1
OV025N-INFRACOLICOMENTUM_TAGGTACTCGACGCGT-1,1
OV025N-INFRACOLICOMENTUM_TAGGTTGCAATGTCTG-1,1
OV025N-INFRACOLICOMENTUM_TAGTGCAGTCCGGTGT-1,2
OV025N-INFRACOLICOMENTUM_TATACCTAGAGAGTTT-1,1
OV025N-INFRACOLICOMENTUM_TATATCCAGGCAGCTA-1,1
OV025N-INFRACOLICOMENTUM_TATATCCAGTTCCGGC-1,2
OV025N-INFRACOLICOMENTUM_TATCAGGTCTGAATCG-1,1
OV025N-INFRACOLICOMENTUM_TATCCTACAGACATCT-1,1
OV025N-INFRACOLICOMENTUM_TATCCTAGTGAATGTA-1,1
OV025N-INFRACOLICOMENTUM_TATCTGTTCGTAGGAG-1,1
OV025N-INFRACOLICOMENTUM_TATCTTGAGTAGAATC-1,1
OV025N-INFRACOLICOMENTUM_TATCTTGGTCTATGAC-1,1
OV025N-INFRACOLICOMENTUM_TATGTTCAGATCGCTT-1,1
OV025N-INFRACOLICOMENTUM_TATGTTCTCGCACTCT-1,1
OV025N-INFRACOLICOMENTUM_TATTGCTTCAAACGAA-1,1
OV025N-INFRACOLICOMENTUM_TATTTCGTCGTTCTAT-1,1
OV025N-INFRACOLICOMENTUM_TCAAGTGCATTCAGCA-1,1
OV025N-INFRACOLICOMENTUM_TCAATCTGTACCTTCC-1,1
OV025N-INFRACOLICOMENTUM_TCAATCTGTTATGGTC-1,1
OV025N-INFRACOLICOMENTUM_TCAATTCCATCGTTCC-1,2
OV025N-INFRACOLICOMENTUM_TCACAAGGTTGTCAGT-1,1
OV025N-INFRACOLICOMENTUM_TCACACCAGAAATTCG-1,2
OV025N-INFRACOLICOMENTUM_TCACACCAGCGCCATC-1,1
OV025N-INFRACOLICOMENTUM_TCACACCTCCATTGCC-1,1
OV025N-INFRACOLICOMENTUM_TCACACCTCTACAGGT-1,1
OV025N-INFRACOLICOMENTUM_TCACATTAGACCCGCT-1,1
OV025N-INFRACOLICOMENTUM_TCACGCTAGCTTAAGA-1,2
OV025N-INFRACOLICOMENTUM_TCACGCTAGTTTGGCT-1,1
OV025N-INFRACOLICOMENTUM_TCACGCTTCAAGCCTA-1,2
OV025N-INFRACOLICOMENTUM_TCACGGGAGGGTCAAC-1,1
OV025N-INFRACOLICOMENTUM_TCACTATTCGAATGCT-1,1
OV025N-INFRACOLICOMENTUM_TCACTCGAGATTGAGT-1,2
OV025N-INFRACOLICOMENTUM_TCACTCGTCAAGCCGC-1,2
OV025N-INFRACOLICOMENTUM_TCAGCCTCAGATCACT-1,1
OV025N-INFRACOLICOMENTUM_TCAGGGCTCTTCGATT-1,1
OV025N-INFRACOLICOMENTUM_TCAGGTACAAACTCGT-1,1
OV025N-INFRACOLICOMENTUM_TCAGGTAGTATTGGCT-1,1
OV025N-INFRACOLICOMENTUM_TCAGTCCTCTACGCAA-1,2
OV025N-INFRACOLICOMENTUM_TCAGTGAAGCTACAAA-1,2
OV025N-INFRACOLICOMENTUM_TCAGTGATCTCGCAGG-1,2
OV025N-INFRACOLICOMENTUM_TCAGTTTGTAACATAG-1,1
OV025N-INFRACOLICOMENTUM_TCAGTTTGTCCTCATC-1,1
OV025N-INFRACOLICOMENTUM_TCATCATGTAGCTTGT-1,1
OV025N-INFRACOLICOMENTUM_TCATCATGTCTTGGTA-1,2
OV025N-INFRACOLICOMENTUM_TCATCATTCTGACCCT-1,1
OV025N-INFRACOLICOMENTUM_TCATGAGAGGGCCTCT-1,1
OV025N-INFRACOLICOMENTUM_TCATGAGTCCGATCTC-1,1
OV025N-INFRACOLICOMENTUM_TCATGCCAGGCCCACT-1,1
OV025N-INFRACOLICOMENTUM_TCATGCCCATTGAGCT-1,2
OV025N-INFRACOLICOMENTUM_TCATGTTCATACACCA-1,1
OV025N-INFRACOLICOMENTUM_TCATGTTTCCCGAACG-1,1
OV025N-INFRACOLICOMENTUM_TCATTACCACCTGTCT-1,1
OV025N-INFRACOLICOMENTUM_TCATTACCAGATTCGT-1,1
OV025N-INFRACOLICOMENTUM_TCATTCAAGTTTCTTC-1,1
OV025N-INFRACOLICOMENTUM_TCATTCACAAATCGGG-1,2
OV025N-INFRACOLICOMENTUM_TCATTCACAAGAGATT-1,1
OV025N-INFRACOLICOMENTUM_TCATTCACAGGCGATA-1,1
OV025N-INFRACOLICOMENTUM_TCATTCATCCATTTGT-1,2
OV025N-INFRACOLICOMENTUM_TCATTCATCCGAGGCT-1,1
OV025N-INFRACOLICOMENTUM_TCATTGTGTCTGTAGT-1,1
OV025N-INFRACOLICOMENTUM_TCCACCACATGACTCA-1,1
OV025N-INFRACOLICOMENTUM_TCCAGAAAGTGGTGAC-1,1
OV025N-INFRACOLICOMENTUM_TCCAGAACACTCCACT-1,1
OV025N-INFRACOLICOMENTUM_TCCAGAACAGCCCAGT-1,1
OV025N-INFRACOLICOMENTUM_TCCATCGAGGTCATCT-1,1
OV025N-INFRACOLICOMENTUM_TCCATCGCAGAAGCGT-1,1
OV025N-INFRACOLICOMENTUM_TCCATGCCAAGGCTTT-1,1
OV025N-INFRACOLICOMENTUM_TCCCACAAGTTGCCCG-1,1
OV025N-INFRACOLICOMENTUM_TCCCACATCCTCTAGC-1,2
OV025N-INFRACOLICOMENTUM_TCCCAGTGTTGGCCTG-1,1
OV025N-INFRACOLICOMENTUM_TCCCATGGTTCCGTTC-1,2
OV025N-INFRACOLICOMENTUM_TCCGAAACACATCCCT-1,1
OV025N-INFRACOLICOMENTUM_TCCGATCAGTCTCTGA-1,1
OV025N-INFRACOLICOMENTUM_TCCGATCTCTGAGAAA-1,1
OV025N-INFRACOLICOMENTUM_TCCGGGAAGCTAGCCC-1,1
OV025N-INFRACOLICOMENTUM_TCCGTGTGTGTGCTTA-1,1
OV025N-INFRACOLICOMENTUM_TCCTCCCAGAAGCTGC-1,1
OV025N-INFRACOLICOMENTUM_TCCTCGATCTGGGATT-1,2
OV025N-INFRACOLICOMENTUM_TCCTCTTAGGCTTAAA-1,2
OV025N-INFRACOLICOMENTUM_TCCTCTTCATGGTGGA-1,1
OV025N-INFRACOLICOMENTUM_TCCTGCACACCAGCGT-1,1
OV025N-INFRACOLICOMENTUM_TCCTGCAGTACAGTTC-1,1
OV025N-INFRACOLICOMENTUM_TCCTGCATCGGTTCAA-1,1
OV025N-INFRACOLICOMENTUM_TCCTTTCGTCTCCCTA-1,1
OV025N-INFRACOLICOMENTUM_TCGAAGTAGTTCATCG-1,2
OV025N-INFRACOLICOMENTUM_TCGAAGTCAATACAGA-1,1
OV025N-INFRACOLICOMENTUM_TCGAAGTCATTAAAGG-1,1
OV025N-INFRACOLICOMENTUM_TCGAAGTGTGATACAA-1,1
OV025N-INFRACOLICOMENTUM_TCGAAGTTCGCGTGCA-1,1
OV025N-INFRACOLICOMENTUM_TCGACCTGTAACGCGA-1,1
OV025N-INFRACOLICOMENTUM_TCGACGGAGAAACCAT-1,2
OV025N-INFRACOLICOMENTUM_TCGACGGAGGTTCAGG-1,1
OV025N-INFRACOLICOMENTUM_TCGACGGGTGACAGGT-1,2
OV025N-INFRACOLICOMENTUM_TCGCACTTCTGGAAGG-1,1
OV025N-INFRACOLICOMENTUM_TCGCAGGAGCATGGGT-1,2
OV025N-INFRACOLICOMENTUM_TCGCAGGGTTGGACTT-1,1
OV025N-INFRACOLICOMENTUM_TCGCAGGTCGTGGGTC-1,1
OV025N-INFRACOLICOMENTUM_TCGCTCAAGCAATAAC-1,1
OV025N-INFRACOLICOMENTUM_TCGCTTGGTTCTTGTT-1,2
OV025N-INFRACOLICOMENTUM_TCGCTTGTCGGCATAT-1,1
OV025N-INFRACOLICOMENTUM_TCGGATATCCGCCTAT-1,1
OV025N-INFRACOLICOMENTUM_TCGGGACCAGGTTACT-1,2
OV025N-INFRACOLICOMENTUM_TCGGGTGAGACTCCGC-1,2
OV025N-INFRACOLICOMENTUM_TCGGGTGAGCCTCAAT-1,2
OV025N-INFRACOLICOMENTUM_TCGGGTGCATTGGCAT-1,1
OV025N-INFRACOLICOMENTUM_TCGGTCTAGCTTAAGA-1,2
OV025N-INFRACOLICOMENTUM_TCGGTCTGTCTAGGCC-1,1
OV025N-INFRACOLICOMENTUM_TCGTAGACATCTCATT-1,1
OV025N-INFRACOLICOMENTUM_TCGTAGATCGCATTAG-1,2
OV025N-INFRACOLICOMENTUM_TCGTCCAAGCGCATCC-1,2
OV025N-INFRACOLICOMENTUM_TCGTGGGCATTGGCAT-1,1
OV025N-INFRACOLICOMENTUM_TCTAACTGTCATCCGG-1,2
OV025N-INFRACOLICOMENTUM_TCTACATAGACGGTCA-1,1
OV025N-INFRACOLICOMENTUM_TCTACATCAAGTACCT-1,2
OV025N-INFRACOLICOMENTUM_TCTACATTCACAAGGG-1,2
OV025N-INFRACOLICOMENTUM_TCTACATTCACCGACG-1,2
OV025N-INFRACOLICOMENTUM_TCTACCGAGGCATTTC-1,1
OV025N-INFRACOLICOMENTUM_TCTACCGGTGGCCCAT-1,1
OV025N-INFRACOLICOMENTUM_TCTACCGTCACCACAA-1,2
OV025N-INFRACOLICOMENTUM_TCTACCGTCAGGCGAA-1,1
OV025N-INFRACOLICOMENTUM_TCTACCGTCGCCAGTG-1,1
OV025N-INFRACOLICOMENTUM_TCTATACGTCACCACG-1,1
OV025N-INFRACOLICOMENTUM_TCTATCATCGAGTGGA-1,1
OV025N-INFRACOLICOMENTUM_TCTCACGAGGGTTGCA-1,1
OV025N-INFRACOLICOMENTUM_TCTCACGCAAACGTGG-1,2
OV025N-INFRACOLICOMENTUM_TCTCACGCACAGTACT-1,2
OV025N-INFRACOLICOMENTUM_TCTCAGCAGACGGAAA-1,2
OV025N-INFRACOLICOMENTUM_TCTCAGCGTGGAACCA-1,1
OV025N-INFRACOLICOMENTUM_TCTCCGAAGACATAAC-1,2
OV025N-INFRACOLICOMENTUM_TCTCCGAAGAGCAGAA-1,1
OV025N-INFRACOLICOMENTUM_TCTCCGAAGGTGATCG-1,1
OV025N-INFRACOLICOMENTUM_TCTCCGATCCTGCCAT-1,1
OV025N-INFRACOLICOMENTUM_TCTCCGATCGGTCACG-1,1
OV025N-INFRACOLICOMENTUM_TCTGCCATCGTGGGAA-1,1
OV025N-INFRACOLICOMENTUM_TCTGGCTAGGTAAGGA-1,1
OV025N-INFRACOLICOMENTUM_TCTGGCTGTAGAGATT-1,1
OV025N-INFRACOLICOMENTUM_TCTTAGTAGGTAGATT-1,1
OV025N-INFRACOLICOMENTUM_TCTTGCGGTATCGAAA-1,2
OV025N-INFRACOLICOMENTUM_TCTTGCGGTTCTTCAT-1,2
OV025N-INFRACOLICOMENTUM_TCTTGCGTCCAGTGCG-1,1
OV025N-INFRACOLICOMENTUM_TCTTTGAGTGATGGCA-1,2
OV025N-INFRACOLICOMENTUM_TCTTTGAGTTAAGGGC-1,1
OV025N-INFRACOLICOMENTUM_TGAACGTAGTCCGTCG-1,1
OV025N-INFRACOLICOMENTUM_TGAACGTCACGCTGAC-1,1
OV025N-INFRACOLICOMENTUM_TGAACGTTCCACACCT-1,2
OV025N-INFRACOLICOMENTUM_TGAATCGGTATGAAAC-1,1
OV025N-INFRACOLICOMENTUM_TGAATCGTCGCCTTTG-1,1
OV025N-INFRACOLICOMENTUM_TGAATGCAGATGTTGA-1,1
OV025N-INFRACOLICOMENTUM_TGAATGCAGCGCGTTC-1,1
OV025N-INFRACOLICOMENTUM_TGAATGCGTCCTCCAT-1,1
OV025N-INFRACOLICOMENTUM_TGAATGCGTGTAAACA-1,1
OV025N-INFRACOLICOMENTUM_TGAATGCTCAGCAGAG-1,2
OV025N-INFRACOLICOMENTUM_TGACAGTCAGGATCTT-1,1
OV025N-INFRACOLICOMENTUM_TGACGCGCACGTGTGC-1,1
OV025N-INFRACOLICOMENTUM_TGACTCCCATCGGTTA-1,1
OV025N-INFRACOLICOMENTUM_TGAGACTAGGTCCGAA-1,1
OV025N-INFRACOLICOMENTUM_TGAGACTTCGTCCTTG-1,2
OV025N-INFRACOLICOMENTUM_TGAGCATCAGGGATAC-1,1
OV025N-INFRACOLICOMENTUM_TGATCAGGTAACTAAG-1,1
OV025N-INFRACOLICOMENTUM_TGATCAGGTGGACAGT-1,2
OV025N-INFRACOLICOMENTUM_TGATCTTCAAGAATAC-1,1
OV025N-INFRACOLICOMENTUM_TGATCTTCACTAGTAC-1,1
OV025N-INFRACOLICOMENTUM_TGATCTTGTCACTGAT-1,2
OV025N-INFRACOLICOMENTUM_TGATCTTGTGCATACT-1,1
OV025N-INFRACOLICOMENTUM_TGATGCACAGATCCAT-1,1
OV025N-INFRACOLICOMENTUM_TGATGCACAGCAGGAT-1,1
OV025N-INFRACOLICOMENTUM_TGATGCAGTACGATTC-1,1
OV025N-INFRACOLICOMENTUM_TGATGGTAGTTGAAGT-1,1
OV025N-INFRACOLICOMENTUM_TGATTTCCAACTTGGT-1,1
OV025N-INFRACOLICOMENTUM_TGATTTCTCTTCGACC-1,2
OV025N-INFRACOLICOMENTUM_TGCACGGGTACCAATC-1,1
OV025N-INFRACOLICOMENTUM_TGCACGGGTATATGGA-1,2
OV025N-INFRACOLICOMENTUM_TGCAGTACACAGTCAT-1,2
OV025N-INFRACOLICOMENTUM_TGCATCCTCGCTGTTC-1,1
OV025N-INFRACOLICOMENTUM_TGCATCCTCTTTGCAT-1,2
OV025N-INFRACOLICOMENTUM_TGCATGAAGAACTTCC-1,1
OV025N-INFRACOLICOMENTUM_TGCATGAGTCATACCA-1,2
OV025N-INFRACOLICOMENTUM_TGCATGAGTTAATGAG-1,1
OV025N-INFRACOLICOMENTUM_TGCATGAGTTAGAGTA-1,1
OV025N-INFRACOLICOMENTUM_TGCCGAGAGGCTGGAT-1,2
OV025N-INFRACOLICOMENTUM_TGCCGAGTCGTGGAAG-1,2
OV025N-INFRACOLICOMENTUM_TGCGACGGTGTCCATA-1,2
OV025N-INFRACOLICOMENTUM_TGCGGCAAGGGCCCTT-1,2
OV025N-INFRACOLICOMENTUM_TGCGGCACACTTCAGA-1,2
OV025N-INFRACOLICOMENTUM_TGCGGGTCAAATCAAG-1,2
OV025N-INFRACOLICOMENTUM_TGCGGGTGTCACAGTT-1,1
OV025N-INFRACOLICOMENTUM_TGCTCCAGTCTTCAAG-1,1
OV025N-INFRACOLICOMENTUM_TGCTCCAGTGTCTTGA-1,2
OV025N-INFRACOLICOMENTUM_TGCTGAATCCGATTAG-1,1
OV025N-INFRACOLICOMENTUM_TGCTTGCGTGATGGCA-1,1
OV025N-INFRACOLICOMENTUM_TGGAACTTCTGGACTA-1,1
OV025N-INFRACOLICOMENTUM_TGGAGGAAGCTATCCA-1,1
OV025N-INFRACOLICOMENTUM_TGGAGGATCAGTCCGG-1,2
OV025N-INFRACOLICOMENTUM_TGGATCATCTTTCCGG-1,1
OV025N-INFRACOLICOMENTUM_TGGATGTCAACTCATG-1,1
OV025N-INFRACOLICOMENTUM_TGGATGTGTACAATAG-1,1
OV025N-INFRACOLICOMENTUM_TGGATGTGTAGATTAG-1,2
OV025N-INFRACOLICOMENTUM_TGGCGTGTCGGATTAC-1,1
OV025N-INFRACOLICOMENTUM_TGGGAAGGTGCCCGTA-1,1
OV025N-INFRACOLICOMENTUM_TGGGAAGGTGTCACAT-1,1
OV025N-INFRACOLICOMENTUM_TGGGAGAAGCACTTTG-1,2
OV025N-INFRACOLICOMENTUM_TGGGAGAGTTGTAGCT-1,1
OV025N-INFRACOLICOMENTUM_TGGGAGATCGTGGGAA-1,1
OV025N-INFRACOLICOMENTUM_TGGGCGTTCAAGCGTT-1,1
OV025N-INFRACOLICOMENTUM_TGGGCTGCACCGGAAA-1,2
OV025N-INFRACOLICOMENTUM_TGGGCTGTCCGATGTA-1,1
OV025N-INFRACOLICOMENTUM_TGGGTTAAGGCTCTAT-1,1
OV025N-INFRACOLICOMENTUM_TGGGTTACAGCGTATT-1,1
OV025N-INFRACOLICOMENTUM_TGGGTTACATCGCCTT-1,1
OV025N-INFRACOLICOMENTUM_TGGGTTATCCTATGGA-1,2
OV025N-INFRACOLICOMENTUM_TGGTACAGTTGTGCAT-1,1
OV025N-INFRACOLICOMENTUM_TGGTGATGTATAGGAT-1,2
OV025N-INFRACOLICOMENTUM_TGGTGATTCAGCGCGT-1,1
OV025N-INFRACOLICOMENTUM_TGGTTAGTCTACGGGC-1,2
OV025N-INFRACOLICOMENTUM_TGTAACGCATGAAGGC-1,1
OV025N-INFRACOLICOMENTUM_TGTAACGGTGAGACGT-1,2
OV025N-INFRACOLICOMENTUM_TGTAACGTCATTGTGG-1,1
OV025N-INFRACOLICOMENTUM_TGTAACGTCTCTAAGG-1,1
OV025N-INFRACOLICOMENTUM_TGTAAGCCACCGCTGA-1,2
OV025N-INFRACOLICOMENTUM_TGTACAGAGGGATGTC-1,2
OV025N-INFRACOLICOMENTUM_TGTACAGCAGATTTCG-1,1
OV025N-INFRACOLICOMENTUM_TGTACAGCATAACAGA-1,1
OV025N-INFRACOLICOMENTUM_TGTAGACCAACTCCCT-1,1
OV025N-INFRACOLICOMENTUM_TGTCAGACACGTGAGA-1,1
OV025N-INFRACOLICOMENTUM_TGTCAGAGTTCGGGTC-1,1
OV025N-INFRACOLICOMENTUM_TGTCCCAAGCTGTGCC-1,1
OV025N-INFRACOLICOMENTUM_TGTCCCACACTGTGAT-1,1
OV025N-INFRACOLICOMENTUM_TGTCCTGAGAGGTCAC-1,1
OV025N-INFRACOLICOMENTUM_TGTGAGTGTGTTCGTA-1,2
OV025N-INFRACOLICOMENTUM_TGTGATGAGATTTGCC-1,1
OV025N-INFRACOLICOMENTUM_TGTGATGGTACCCAGC-1,1
OV025N-INFRACOLICOMENTUM_TGTGATGGTGAGACCA-1,1
OV025N-INFRACOLICOMENTUM_TGTGGCGTCGGAGCAA-1,2
OV025N-INFRACOLICOMENTUM_TGTGTGATCTCCTGAC-1,1
OV025N-INFRACOLICOMENTUM_TGTTACTAGTCATCGT-1,1
OV025N-INFRACOLICOMENTUM_TGTTCATCAGGATTCT-1,1
OV025N-INFRACOLICOMENTUM_TGTTCTAAGTTCAACC-1,1
OV025N-INFRACOLICOMENTUM_TGTTCTAGTTTCGTAG-1,1
OV025N-INFRACOLICOMENTUM_TGTTGAGCATCTTCGC-1,1
OV025N-INFRACOLICOMENTUM_TGTTGAGTCACGTCCT-1,1
OV025N-INFRACOLICOMENTUM_TGTTGAGTCTGCGGAC-1,1
OV025N-INFRACOLICOMENTUM_TGTTGGACACATTGTG-1,1
OV025N-INFRACOLICOMENTUM_TGTTGGAGTGATTAGA-1,1
OV025N-INFRACOLICOMENTUM_TGTTGGAGTTCTCGCT-1,1
OV025N-INFRACOLICOMENTUM_TGTTGGATCGGACGTC-1,1
OV025N-INFRACOLICOMENTUM_TGTTTGTAGTCTACCA-1,1
OV025N-INFRACOLICOMENTUM_TGTTTGTTCGTTCGCT-1,1
OV025N-INFRACOLICOMENTUM_TTACAGGCACGGATCC-1,2
OV025N-INFRACOLICOMENTUM_TTACAGGCATCCAACA-1,2
OV025N-INFRACOLICOMENTUM_TTACAGGGTGGACCAA-1,1
OV025N-INFRACOLICOMENTUM_TTACCATGTTGTCAGT-1,1
OV025N-INFRACOLICOMENTUM_TTACCATTCCATCTCG-1,2
OV025N-INFRACOLICOMENTUM_TTACCATTCTCAGTCC-1,1
OV025N-INFRACOLICOMENTUM_TTACCGCCAAGTATAG-1,2
OV025N-INFRACOLICOMENTUM_TTACCGCCAGCGAGTA-1,1
OV025N-INFRACOLICOMENTUM_TTACGCCAGATCCTAC-1,1
OV025N-INFRACOLICOMENTUM_TTACGCCGTACCACGC-1,1
OV025N-INFRACOLICOMENTUM_TTACGTTGTTCTGAGT-1,1
OV025N-INFRACOLICOMENTUM_TTACTGTGTCCAATCA-1,1
OV025N-INFRACOLICOMENTUM_TTAGGCAGTAGTGCGA-1,1
OV025N-INFRACOLICOMENTUM_TTAGGCATCCCTATTA-1,1
OV025N-INFRACOLICOMENTUM_TTAGGCATCGAACCAT-1,2
OV025N-INFRACOLICOMENTUM_TTAGGGTAGAGCATTA-1,2
OV025N-INFRACOLICOMENTUM_TTAGGGTCAGAATGTA-1,2
OV025N-INFRACOLICOMENTUM_TTAGGGTCAGTATTCG-1,2
OV025N-INFRACOLICOMENTUM_TTAGTCTAGCTCATAC-1,2
OV025N-INFRACOLICOMENTUM_TTAGTCTGTAGCTAAA-1,1
OV025N-INFRACOLICOMENTUM_TTAGTCTGTTGGGATG-1,1
OV025N-INFRACOLICOMENTUM_TTATTGCTCTTACCGC-1,1
OV025N-INFRACOLICOMENTUM_TTCACGCAGCTCGAAG-1,2
OV025N-INFRACOLICOMENTUM_TTCAGGAGTTATCTGG-1,1
OV025N-INFRACOLICOMENTUM_TTCATGTCATCTTAGG-1,2
OV025N-INFRACOLICOMENTUM_TTCATGTGTTAGCTAC-1,2
OV025N-INFRACOLICOMENTUM_TTCATTGGTCAGCTTA-1,2
OV025N-INFRACOLICOMENTUM_TTCCAATCAGAGGGTT-1,2
OV025N-INFRACOLICOMENTUM_TTCCAATGTACCCGAC-1,2
OV025N-INFRACOLICOMENTUM_TTCCAATGTACCGGAA-1,2
OV025N-INFRACOLICOMENTUM_TTCCACGGTGGTGATG-1,2
OV025N-INFRACOLICOMENTUM_TTCCGGTGTGGGTATG-1,1
OV025N-INFRACOLICOMENTUM_TTCCTAACAAGTATCC-1,2
OV025N-INFRACOLICOMENTUM_TTCCTAACATGGATCT-1,2
OV025N-INFRACOLICOMENTUM_TTCCTAAGTGCGAGTA-1,1
OV025N-INFRACOLICOMENTUM_TTCCTAATCCGTCACT-1,2
OV025N-INFRACOLICOMENTUM_TTCCTCTAGTCAGAGC-1,2
OV025N-INFRACOLICOMENTUM_TTCCTTCAGCATCCCG-1,1
OV025N-INFRACOLICOMENTUM_TTCGATTGTTCACCGG-1,2
OV025N-INFRACOLICOMENTUM_TTCGATTTCTCTGAGA-1,1
OV025N-INFRACOLICOMENTUM_TTCGCTGCATTGAAGA-1,1
OV025N-INFRACOLICOMENTUM_TTCTCTCCAAGTGATA-1,1
OV025N-INFRACOLICOMENTUM_TTCTCTCCAGTTTGGT-1,1
OV025N-INFRACOLICOMENTUM_TTCTTGAAGATCGGTG-1,1
OV025N-INFRACOLICOMENTUM_TTCTTGAAGCGACTGA-1,1
OV025N-INFRACOLICOMENTUM_TTGACCCCAAGCGAGT-1,1
OV025N-INFRACOLICOMENTUM_TTGACCCTCATGGGAG-1,2
OV025N-INFRACOLICOMENTUM_TTGATGGAGATGGCGT-1,1
OV025N-INFRACOLICOMENTUM_TTGATGGGTAGGTGCA-1,2
OV025N-INFRACOLICOMENTUM_TTGCATTGTAGTCTGT-1,2
OV025N-INFRACOLICOMENTUM_TTGCCTGAGTTGAATG-1,1
OV025N-INFRACOLICOMENTUM_TTGCCTGCAAGGGCAT-1,2
OV025N-INFRACOLICOMENTUM_TTGCTGCAGTCTCTGA-1,2
OV025N-INFRACOLICOMENTUM_TTGCTGCGTGGGTCAA-1,2
OV025N-INFRACOLICOMENTUM_TTGGATGGTCGCAGTC-1,1
OV025N-INFRACOLICOMENTUM_TTGGATGTCCCGAATA-1,1
OV025N-INFRACOLICOMENTUM_TTGGGATGTATTCTCT-1,1
OV025N-INFRACOLICOMENTUM_TTGGGATTCCAACTGA-1,2
OV025N-INFRACOLICOMENTUM_TTGGGCGAGGAATCGC-1,1
OV025N-INFRACOLICOMENTUM_TTGGGTAAGGATTCAA-1,1
OV025N-INFRACOLICOMENTUM_TTGGTTTGTGAGCTCC-1,1
OV025N-INFRACOLICOMENTUM_TTGTGTTTCCTCTTTC-1,1
OV025N-INFRACOLICOMENTUM_TTGTTCAAGCTGGAGT-1,1
OV025N-INFRACOLICOMENTUM_TTGTTTGCAGAATTCC-1,2
OV025N-INFRACOLICOMENTUM_TTTACCATCCTGTAGA-1,1
OV025N-INFRACOLICOMENTUM_TTTACGTCAGAAATCA-1,1
OV025N-INFRACOLICOMENTUM_TTTACTGCACTTTAGG-1,1
OV025N-INFRACOLICOMENTUM_TTTACTGTCATTTGGG-1,2
OV025N-INFRACOLICOMENTUM_TTTAGTCTCGGCTTGG-1,1
OV025N-INFRACOLICOMENTUM_TTTATGCTCTTGCGCT-1,2
OV025N-INFRACOLICOMENTUM_TTTCACATCGCCTAGG-1,1
OV025N-INFRACOLICOMENTUM_TTTCAGTCAGCAGATG-1,1
OV025N-INFRACOLICOMENTUM_TTTCATGTCGATACTG-1,2
OV025N-INFRACOLICOMENTUM_TTTCCTCAGCTAGCCC-1,1
OV025N-INFRACOLICOMENTUM_TTTCCTCCACGGCTAC-1,1
OV025N-INFRACOLICOMENTUM_TTTCCTCCATGGAAGC-1,2
OV025N-INFRACOLICOMENTUM_TTTCGATGTCATAACC-1,1
OV025N-INFRACOLICOMENTUM_TTTGACTCACCATATG-1,1
OV025N-INFRACOLICOMENTUM_TTTGACTTCGAGAAGC-1,1
OV025N-INFRACOLICOMENTUM_TTTGATCTCAGTCTTT-1,1
OV025N-INFRACOLICOMENTUM_TTTGGAGCACTGCACG-1,1
OV025N-INFRACOLICOMENTUM_TTTGGAGTCAGGGATG-1,1
OV025N-INFRACOLICOMENTUM_TTTGTTGAGGATTTAG-1,1
OV025N-INFRACOLICOMENTUM_TTTGTTGGTAGGACCA-1,1
OV025N-INFRACOLICOMENTUM_TTTGTTGTCCTGCTAC-1,1
OV025P-INFRACOLICOMENTUM_CAGGTATTCAGGTGTT-1,2
OV025P-INFRACOLICOMENTUM_GACCCAGAGAGTGAAG-1,2
OV025P-INFRACOLICOMENTUM_GAGTTTGAGTCGCGAA-1,2
OV025P-INFRACOLICOMENTUM_GGAGGATTCTTGAACG-1,2
OV025P-INFRACOLICOMENTUM_TAAGTCGTCTGGACTA-1,1
OV025P-INFRACOLICOMENTUM_TCACATTTCTTCCTAA-1,2
OV025P-INFRACOLICOMENTUM_TCTCCGAGTAGGACTG-1,1
OV025P-INFRACOLICOMENTUM_TGATGCATCCGCTGTT-1,2
OV025P-INFRACOLICOMENTUM_TGTTCTAGTATCAAGA-1,2
OV025P-rOVARY_ACATCCCGTGCGCTCA-1,2
OV025P-rOVARY_ACATCGATCTGTCCGT-1,2
OV025P-rOVARY_ACTGCAACAGAGGTAC-1,2
OV025P-rOVARY_GAACGTTTCCTTCACG-1,1
OV025P-rOVARY_TACCGGGCAGACCATT-1,2
OV025P-rOVARY_TATCCTACACAGCCTG-1,2
OV025P-rOVARY_TATTGCTAGCAGGGAG-1,1
