Cell,CNAclone
TNBC5_AAACCCACAAGTATCC-1,1
TNBC5_AAACCCACACAGTATC-1,2
TNBC5_AAACCCACATAGCACT-1,1
TNBC5_AAACCCATCTGTTCAT-1,3
TNBC5_AAACGAAAGAGGATGA-1,4
TNBC5_AAACGAACAAAGGATT-1,5
TNBC5_AAACGAACAAGATGTA-1,6
TNBC5_AAACGAACACCTGCGA-1,2
TNBC5_AAACGAAGTAGCTTTG-1,2
TNBC5_AAACGAATCGTGTCAA-1,1
TNBC5_AAACGAATCTAAGAAG-1,2
TNBC5_AAACGCTAGAGCAAGA-1,5
TNBC5_AAACGCTTCATAGAGA-1,3
TNBC5_AAAGAACAGGGAACAA-1,5
TNBC5_AAAGAACAGGGTGGGA-1,1
TNBC5_AAAGAACGTTTGGAGG-1,4
TNBC5_AAAGGATAGGTCACCC-1,6
TNBC5_AAAGGATAGTCTCCTC-1,2
TNBC5_AAAGGATCAAAGTATG-1,3
TNBC5_AAAGGATCATGGGTTT-1,4
TNBC5_AAAGGGCCAAGACCTT-1,2
TNBC5_AAAGGGCCAAGTACCT-1,2
TNBC5_AAAGGGCCATGACTTG-1,5
TNBC5_AAAGGGCGTGCTGATT-1,2
TNBC5_AAAGGGCTCTAGGAAA-1,3
TNBC5_AAAGGTAAGAGAGCCT-1,1
TNBC5_AAAGGTAAGGTTACCT-1,3
TNBC5_AAAGGTACACAAAGCG-1,1
TNBC5_AAAGGTACACGCTGCA-1,1
TNBC5_AAAGGTAGTAAGATAC-1,2
TNBC5_AAAGGTAGTGTCGATT-1,6
TNBC5_AAAGTCCAGAATTGTG-1,1
TNBC5_AAAGTCCAGCAACAGC-1,1
TNBC5_AAAGTCCAGCAGGTCA-1,5
TNBC5_AAAGTCCAGTTCCTGA-1,1
TNBC5_AAAGTCCCAGCGTATT-1,1
TNBC5_AAAGTCCGTGGGTATG-1,1
TNBC5_AAAGTCCGTTGCTTGA-1,2
TNBC5_AAAGTCCTCGTGCACG-1,6
TNBC5_AAAGTGACACCCGTAG-1,4
TNBC5_AAAGTGATCACCGACG-1,1
TNBC5_AAAGTGATCCGAAATC-1,1
TNBC5_AAATGGAAGTCATGAA-1,4
TNBC5_AAATGGACACAACATC-1,1
TNBC5_AAATGGACACAGCTGC-1,1
TNBC5_AAATGGACAGAGTGTG-1,1
TNBC5_AAATGGAGTCTTTCAT-1,3
TNBC5_AAATGGAGTGCAAGAC-1,2
TNBC5_AAATGGATCCATCTAT-1,4
TNBC5_AACAAAGCACTATCGA-1,5
TNBC5_AACAAAGGTTCATCGA-1,1
TNBC5_AACAACCAGACGGAAA-1,1
TNBC5_AACAACCAGCGGACAT-1,2
TNBC5_AACAACCAGTATTAGG-1,2
TNBC5_AACAACCCAGAACGCA-1,2
TNBC5_AACAAGACAATCCTAG-1,1
TNBC5_AACAAGACACTACCGG-1,2
TNBC5_AACAAGACATGTGACT-1,2
TNBC5_AACAAGAGTGATTGGG-1,5
TNBC5_AACAAGATCCGAGATT-1,1
TNBC5_AACACACGTTATCCAG-1,6
TNBC5_AACAGGGAGCAGTACG-1,1
TNBC5_AACAGGGGTCATCGCG-1,4
TNBC5_AACCAACAGAAGCGCT-1,1
TNBC5_AACCAACGTTATAGAG-1,3
TNBC5_AACCACAAGAACTCCT-1,2
TNBC5_AACCACAGTATTCCTT-1,1
TNBC5_AACCACAGTCAAAGTA-1,5
TNBC5_AACCACAGTTTGCCGG-1,6
TNBC5_AACCACATCCGCTTAC-1,1
TNBC5_AACCATGAGAAACACT-1,1
TNBC5_AACCATGAGGGAGGGT-1,1
TNBC5_AACCATGGTTTCGACA-1,2
TNBC5_AACCCAACAGCGAACA-1,1
TNBC5_AACCCAACAGTTCTAG-1,5
TNBC5_AACCCAATCGACGCTG-1,2
TNBC5_AACCCAATCTCAGAAC-1,1
TNBC5_AACCTGAGTGAGGCAT-1,1
TNBC5_AACCTGAGTTGGTACT-1,6
TNBC5_AACCTTTTCAAGATAG-1,2
TNBC5_AACCTTTTCGTTGCCT-1,5
TNBC5_AACGAAACACTGTTCC-1,5
TNBC5_AACGAAACAGTCGGAA-1,6
TNBC5_AACGAAAGTCGGTGTC-1,1
TNBC5_AACGAAATCTAGTTCT-1,1
TNBC5_AACGGGAAGGACCCAA-1,1
TNBC5_AACGGGAAGTACGAGC-1,4
TNBC5_AACGGGACATCCGGCA-1,4
TNBC5_AACGGGAGTAGACAGC-1,2
TNBC5_AACGGGAGTGCCAAGA-1,1
TNBC5_AACGGGATCTCGGGAC-1,1
TNBC5_AACGTCACACAGTGTT-1,2
TNBC5_AACGTCATCCGTACGG-1,4
TNBC5_AACTTCTGTTCCTAGA-1,1
TNBC5_AACTTCTTCAGTGATC-1,5
TNBC5_AAGAACAAGCCGTAAG-1,6
TNBC5_AAGAACAAGGATGGCT-1,2
TNBC5_AAGAACAAGTCTTCCC-1,1
TNBC5_AAGAACACAAGCTGCC-1,1
TNBC5_AAGAACACACCAGCTG-1,1
TNBC5_AAGACAAAGGCCGCTT-1,2
TNBC5_AAGACAACAAGTTCCA-1,2
TNBC5_AAGACAAGTTACGTAC-1,6
TNBC5_AAGACAATCCGACATA-1,2
TNBC5_AAGACTCAGCTGCGAA-1,5
TNBC5_AAGACTCTCCGCACTT-1,1
TNBC5_AAGATAGCAAGACGAC-1,1
TNBC5_AAGCATCCACTCAAGT-1,1
TNBC5_AAGCATCGTCAAAGTA-1,2
TNBC5_AAGCATCGTCAATGGG-1,2
TNBC5_AAGCATCTCCGTGACG-1,1
TNBC5_AAGCCATCAAGTAGTA-1,1
TNBC5_AAGCCATGTATCACGT-1,1
TNBC5_AAGCCATGTGTAACGG-1,1
TNBC5_AAGCGAGAGCCTGACC-1,1
TNBC5_AAGCGAGTCCGATCTC-1,1
TNBC5_AAGCGTTAGAATCTAG-1,4
TNBC5_AAGCGTTAGGGCCCTT-1,5
TNBC5_AAGCGTTCAAGTGGCA-1,1
TNBC5_AAGCGTTCACACACTA-1,2
TNBC5_AAGCGTTCATTGCCGG-1,5
TNBC5_AAGCGTTGTTGGCTAT-1,4
TNBC5_AAGGTAAAGTGGCGAT-1,1
TNBC5_AAGGTAACATATCTGG-1,1
TNBC5_AAGGTAAGTCACTACA-1,4
TNBC5_AAGGTAATCCACAGGC-1,2
TNBC5_AAGTACCAGCGTTCCG-1,1
TNBC5_AAGTACCAGCTGGCCT-1,5
TNBC5_AAGTACCGTAGCGTTT-1,1
TNBC5_AAGTACCTCAAACGAA-1,1
TNBC5_AAGTCGTAGCTCCGAC-1,1
TNBC5_AAGTCGTTCCAAGGGA-1,2
TNBC5_AAGTCGTTCCGTGTCT-1,2
TNBC5_AAGTGAAAGGGTTAGC-1,1
TNBC5_AAGTGAAAGGTGATAT-1,5
TNBC5_AAGTGAACACCAGCTG-1,4
TNBC5_AAGTGAATCACAAGAA-1,2
TNBC5_AAGTGAATCGTGTCAA-1,2
TNBC5_AAGTGAATCTCTTAAC-1,4
TNBC5_AAGTTCGAGGGCAGTT-1,1
TNBC5_AAGTTCGAGTAGACAT-1,3
TNBC5_AAGTTCGCAAAGCACG-1,1
TNBC5_AAGTTCGCAAATACGA-1,1
TNBC5_AAGTTCGGTTCGAACT-1,5
TNBC5_AAGTTCGTCTGAACGT-1,1
TNBC5_AATAGAGAGAAGTGTT-1,3
TNBC5_AATAGAGCAAAGAGTT-1,2
TNBC5_AATAGAGCACCGGTCA-1,2
TNBC5_AATAGAGCAGTGTGCC-1,4
TNBC5_AATAGAGGTACCGTCG-1,6
TNBC5_AATCACGAGGTAGGCT-1,1
TNBC5_AATCACGGTCCATCTC-1,1
TNBC5_AATCACGTCTCGCTCA-1,2
TNBC5_AATCGACCAGCTTCGG-1,1
TNBC5_AATCGACCATCGATCA-1,2
TNBC5_AATCGACGTCAGTCCG-1,6
TNBC5_AATCGACGTGCCTACG-1,1
TNBC5_AATCGACTCGAGAGCA-1,5
TNBC5_AATCGTGAGAGGCGTT-1,1
TNBC5_AATCGTGCAGCACACC-1,1
TNBC5_AATCGTGGTAACCCTA-1,6
TNBC5_AATCGTGTCGTGCATA-1,6
TNBC5_AATGAAGAGCAACAGC-1,1
TNBC5_AATGAAGAGGTCATCT-1,6
TNBC5_AATGAAGAGGTGCTAG-1,1
TNBC5_AATGAAGCAAATAGCA-1,5
TNBC5_AATGAAGGTCCAAATC-1,6
TNBC5_AATGAAGTCAAACGAA-1,5
TNBC5_AATGAAGTCAGGAGAC-1,3
TNBC5_AATGACCAGCTATCCA-1,1
TNBC5_AATGACCCAACGTAAA-1,4
TNBC5_AATGACCTCTATCGGA-1,3
TNBC5_AATGCCAAGGCTTAGG-1,5
TNBC5_AATGCCAGTATCGAAA-1,4
TNBC5_AATGCCAGTTGGACTT-1,2
TNBC5_AATGGAATCTTGTTAC-1,1
TNBC5_AATGGCTCAATTAGGA-1,2
TNBC5_AATGGCTCAGCCCACA-1,1
TNBC5_AATGGCTGTCCCAAAT-1,1
TNBC5_AATGGCTGTGTTAACC-1,1
TNBC5_AATGGCTTCTGTCCCA-1,1
TNBC5_AATTCCTAGATACGAT-1,1
TNBC5_AATTCCTCATATGCGT-1,5
TNBC5_AATTCCTGTAGAGACC-1,1
TNBC5_AATTCCTGTTGCTTGA-1,6
TNBC5_AATTTCCAGTAAACTG-1,6
TNBC5_AATTTCCGTATCGAGG-1,2
TNBC5_AATTTCCGTGAGTTTC-1,3
TNBC5_AATTTCCTCACCGGGT-1,1
TNBC5_AATTTCCTCTCATGGA-1,3
TNBC5_ACAAAGAAGATGGTAT-1,1
TNBC5_ACAAAGACATGTAACC-1,1
TNBC5_ACAACCAAGCTGTTAC-1,6
TNBC5_ACAACCAAGGAACTCG-1,2
TNBC5_ACAACCACAGTAGGAC-1,1
TNBC5_ACAACCAGTTAAACAG-1,4
TNBC5_ACAACCATCCATTTCA-1,2
TNBC5_ACAACCATCTCGCGTT-1,1
TNBC5_ACAAGCTTCAGATGCT-1,6
TNBC5_ACAAGCTTCATTGGTG-1,1
TNBC5_ACACAGTAGTGCCCGT-1,2
TNBC5_ACACAGTCATGAGATA-1,4
TNBC5_ACACAGTTCCAACCGG-1,4
TNBC5_ACACCAACAGAAACCG-1,6
TNBC5_ACACCAAGTCCAGCGT-1,1
TNBC5_ACACCAATCCATAGGT-1,4
TNBC5_ACACGCGCATTCACCC-1,2
TNBC5_ACACGCGGTTGATCGT-1,1
TNBC5_ACACTGAGTCACGACC-1,2
TNBC5_ACACTGAGTCGCATCG-1,1
TNBC5_ACACTGAGTGGAAGTC-1,4
TNBC5_ACACTGAGTGTACGCC-1,2
TNBC5_ACACTGATCTCACTCG-1,6
TNBC5_ACACTGATCTTACTGT-1,6
TNBC5_ACAGAAATCGCCAGAC-1,5
TNBC5_ACAGAAATCGTGGACC-1,5
TNBC5_ACAGCCGAGGATTCCT-1,1
TNBC5_ACAGCCGCAAGGCGTA-1,5
TNBC5_ACAGCCGCAGAGCGTA-1,4
TNBC5_ACAGCCGCAGCAGTGA-1,2
TNBC5_ACAGCCGCAGTTACCA-1,2
TNBC5_ACAGCCGCAGTTCACA-1,2
TNBC5_ACAGCCGGTTACTCAG-1,1
TNBC5_ACAGCCGTCAACGCTA-1,4
TNBC5_ACAGCCGTCGTTACCC-1,1
TNBC5_ACAGGGAAGGTTGCCC-1,3
TNBC5_ACAGGGACAACTCCAA-1,1
TNBC5_ACAGGGATCCGACAGC-1,6
TNBC5_ACATCCCAGCTATCTG-1,4
TNBC5_ACATCCCAGTTACTCG-1,5
TNBC5_ACATCCCCAGTCGAGA-1,1
TNBC5_ACATCCCTCACATTGG-1,5
TNBC5_ACATCCCTCTACCAGA-1,1
TNBC5_ACATGCAAGCGACTGA-1,4
TNBC5_ACATGCACACACCGAC-1,5
TNBC5_ACATGCAGTCGGTAAG-1,4
TNBC5_ACATGCATCACCCTCA-1,6
TNBC5_ACATGCATCAGCTTGA-1,1
TNBC5_ACATGCATCCGATCTC-1,4
TNBC5_ACATGCATCTCCGAAA-1,2
TNBC5_ACATTTCCAACGAGGT-1,2
TNBC5_ACATTTCGTCATACCA-1,3
TNBC5_ACATTTCTCCGGTTCT-1,2
TNBC5_ACATTTCTCGCGGACT-1,2
TNBC5_ACATTTCTCTTCCAGC-1,6
TNBC5_ACCAAACCATATTCGG-1,1
TNBC5_ACCAACACAACCGGAA-1,1
TNBC5_ACCAACACACTCCCTA-1,1
TNBC5_ACCAACACAGCAGAAC-1,1
TNBC5_ACCAACAGTCTAACGT-1,2
TNBC5_ACCAACATCCTCCACA-1,4
TNBC5_ACCAACATCTTGCGCT-1,5
TNBC5_ACCACAAAGGTGCGAT-1,1
TNBC5_ACCACAATCAGTGTGT-1,5
TNBC5_ACCACAATCATGCCAA-1,1
TNBC5_ACCATTTAGACCAGCA-1,1
TNBC5_ACCATTTCAGCCGGTT-1,1
TNBC5_ACCATTTTCACTGCTC-1,1
TNBC5_ACCATTTTCCACGGAC-1,5
TNBC5_ACCCAAAAGCTGAAGC-1,2
TNBC5_ACCCAAACAATGAAAC-1,1
TNBC5_ACCCAAACACCGAATT-1,1
TNBC5_ACCCTCAAGCACGTCC-1,1
TNBC5_ACCCTCACAGACTGCC-1,5
TNBC5_ACCCTCACAGCGCGTT-1,1
TNBC5_ACCCTCACATCTCATT-1,2
TNBC5_ACCCTTGAGAAGCCTG-1,6
TNBC5_ACCCTTGGTGTCCACG-1,1
TNBC5_ACCCTTGGTGTTCCAA-1,2
TNBC5_ACCCTTGGTTCATCTT-1,1
TNBC5_ACCGTTCAGTACCATC-1,4
TNBC5_ACCGTTCGTATACCCA-1,5
TNBC5_ACCGTTCTCATACGAC-1,2
TNBC5_ACCGTTCTCTCTGCTG-1,4
TNBC5_ACCTACCAGTGACACG-1,1
TNBC5_ACCTACCCAACTCATG-1,1
TNBC5_ACCTACCCACTACAGT-1,2
TNBC5_ACCTACCCAGGTCCCA-1,1
TNBC5_ACCTACCGTAGACGTG-1,1
TNBC5_ACCTACCGTCAGATTC-1,1
TNBC5_ACCTGAACAATACGCT-1,5
TNBC5_ACCTGAACAGGATGAC-1,4
TNBC5_ACCTGAACATTCAGGT-1,5
TNBC5_ACCTGAAGTGATTCAC-1,6
TNBC5_ACCTGAAGTTGTTGAC-1,6
TNBC5_ACCTGTCCAACAAGTA-1,1
TNBC5_ACCTGTCCACACGGTC-1,2
TNBC5_ACCTGTCGTTGGTGTT-1,3
TNBC5_ACCTGTCTCGCTGATA-1,2
TNBC5_ACCTGTCTCTTTCAGT-1,2
TNBC5_ACGATCAAGAAATGGG-1,1
TNBC5_ACGATCACACGCAGTC-1,2
TNBC5_ACGATCATCAAACTGC-1,2
TNBC5_ACGATCATCCAAAGGG-1,2
TNBC5_ACGATGTAGAGCATAT-1,1
TNBC5_ACGATGTCATTGCTTT-1,4
TNBC5_ACGATGTGTGCTGTCG-1,6
TNBC5_ACGCACGCAAACCACT-1,2
TNBC5_ACGCACGCAGTGGTGA-1,5
TNBC5_ACGCACGCATAACAGA-1,2
TNBC5_ACGCACGGTCATTCCC-1,1
TNBC5_ACGCACGTCGGTAACT-1,1
TNBC5_ACGGAAGAGTGTACAA-1,1
TNBC5_ACGGAAGAGTGTAGAT-1,1
TNBC5_ACGGAAGGTGTATTGC-1,3
TNBC5_ACGGAAGTCAAGGAGC-1,5
TNBC5_ACGGAAGTCTCCCTAG-1,4
TNBC5_ACGGGTCAGAAGATCT-1,5
TNBC5_ACGGGTCCATCATGAC-1,3
TNBC5_ACGGGTCGTGAATGAT-1,1
TNBC5_ACGGGTCTCTGCATGA-1,1
TNBC5_ACGGTCGAGAAGTGTT-1,5
TNBC5_ACGGTCGTCCGGCAAC-1,1
TNBC5_ACGGTTAAGATCCGAG-1,2
TNBC5_ACGGTTATCTAAGCCA-1,1
TNBC5_ACGTAACAGTTGCCTA-1,1
TNBC5_ACGTAACGTCGTCATA-1,1
TNBC5_ACGTAACTCAAGCTGT-1,2
TNBC5_ACGTACACACCTCAGG-1,1
TNBC5_ACGTACACATAATCCG-1,1
TNBC5_ACGTACATCGGTAACT-1,2
TNBC5_ACGTAGTCACGGAAGT-1,6
TNBC5_ACGTAGTCAGTTCCAA-1,1
TNBC5_ACGTAGTTCTACGGGC-1,6
TNBC5_ACGTCCTCAACAGTGG-1,2
TNBC5_ACGTCCTCAAGCGAGT-1,1
TNBC5_ACGTCCTCACAACGTT-1,1
TNBC5_ACGTCCTGTCATATGC-1,1
TNBC5_ACGTTCCAGAGAGCCT-1,5
TNBC5_ACGTTCCAGATGGGCT-1,1
TNBC5_ACGTTCCCAAAGTATG-1,1
TNBC5_ACGTTCCCACGACAGA-1,1
TNBC5_ACGTTCCGTATCCTCC-1,2
TNBC5_ACGTTCCGTCCTACGG-1,1
TNBC5_ACGTTCCGTGAGTAGC-1,1
TNBC5_ACGTTCCTCAGAGCAG-1,6
TNBC5_ACGTTCCTCCTTGGAA-1,2
TNBC5_ACTACGACAACCCGCA-1,6
TNBC5_ACTATCTAGCACCAGA-1,6
TNBC5_ACTATCTAGGGACTGT-1,1
TNBC5_ACTATCTCACAGTGTT-1,1
TNBC5_ACTATCTCAGCTTTCC-1,1
TNBC5_ACTATCTCATATCTCT-1,1
TNBC5_ACTATCTTCAAATAGG-1,5
TNBC5_ACTATCTTCCATCACC-1,6
TNBC5_ACTATGGAGTGGAAAG-1,1
TNBC5_ACTATGGTCGTTACCC-1,1
TNBC5_ACTATGGTCTAAGAAG-1,6
TNBC5_ACTATTCAGCCGAATG-1,2
TNBC5_ACTATTCAGTACCCTA-1,1
TNBC5_ACTCCCATCTCACGAA-1,5
TNBC5_ACTCTCGAGGTTAGTA-1,6
TNBC5_ACTCTCGCAAGTCCCG-1,5
TNBC5_ACTCTCGGTCCAATCA-1,1
TNBC5_ACTCTCGTCGGCTGAC-1,2
TNBC5_ACTGATGAGAGAGGTA-1,2
TNBC5_ACTGATGGTTGGCCGT-1,2
TNBC5_ACTGATGTCGCGGACT-1,1
TNBC5_ACTGCAAAGGAGTACC-1,1
TNBC5_ACTGCAACAAAGGCTG-1,4
TNBC5_ACTGCAAGTCGGAAAC-1,4
TNBC5_ACTGTCCCAAGCTCTA-1,2
TNBC5_ACTGTCCCACCAACAT-1,5
TNBC5_ACTGTCCGTCGTATGT-1,4
TNBC5_ACTGTCCTCCGCCTAT-1,4
TNBC5_ACTGTGAAGTCATGGG-1,2
TNBC5_ACTGTGACAGCTCATA-1,2
TNBC5_ACTGTGAGTAATGTGA-1,6
TNBC5_ACTGTGAGTTGCCGAC-1,1
TNBC5_ACTTAGGCATGTCGTA-1,4
TNBC5_ACTTAGGTCACACCGG-1,6
TNBC5_ACTTAGGTCGCGCCAA-1,2
TNBC5_ACTTATCTCATCACCC-1,1
TNBC5_ACTTATCTCCATACAG-1,1
TNBC5_ACTTATCTCCATGATG-1,1
TNBC5_ACTTCCGAGAAACACT-1,2
TNBC5_ACTTCCGGTCAGTCCG-1,1
TNBC5_ACTTCCGTCGCCGTGA-1,5
TNBC5_ACTTCGCAGAGCAGTC-1,5
TNBC5_ACTTCGCAGCCTGACC-1,1
TNBC5_ACTTCGCAGGGAGATA-1,1
TNBC5_ACTTCGCGTACAGAAT-1,1
TNBC5_ACTTCGCGTGTGAGCA-1,1
TNBC5_ACTTCGCTCTCATTAC-1,5
TNBC5_ACTTTCAGTACGAGCA-1,6
TNBC5_ACTTTCAGTTTGCAGT-1,2
TNBC5_ACTTTGTAGATTCGAA-1,2
TNBC5_ACTTTGTCAATAACCC-1,1
TNBC5_ACTTTGTGTAGACACG-1,1
TNBC5_ACTTTGTGTGGATCGA-1,2
TNBC5_ACTTTGTTCTAGCAAC-1,1
TNBC5_AGAAATGAGACCATTC-1,1
TNBC5_AGAAATGAGGGCTGAT-1,4
TNBC5_AGAAATGAGTGAGTTA-1,1
TNBC5_AGAAATGCACCTGAAT-1,1
TNBC5_AGAAATGCAGAAATCA-1,2
TNBC5_AGAACAAAGTGGTCAG-1,1
TNBC5_AGAACCTAGCCTTCTC-1,5
TNBC5_AGAACCTAGGTCCAGA-1,1
TNBC5_AGAACCTGTCCAGAAG-1,2
TNBC5_AGAACCTTCCGTAGTA-1,6
TNBC5_AGAAGCGAGACGGAAA-1,1
TNBC5_AGAAGCGAGGCCGCTT-1,1
TNBC5_AGAAGCGCACAATTCG-1,4
TNBC5_AGAAGCGGTTGTCCCT-1,1
TNBC5_AGAAGCGTCGGACAAG-1,1
TNBC5_AGAAGTACAGGTGAGT-1,1
TNBC5_AGAAGTAGTAGCGAGT-1,1
TNBC5_AGAAGTATCGGTCGAC-1,2
TNBC5_AGAAGTATCTTGGATG-1,1
TNBC5_AGACAAAAGCGTTCCG-1,4
TNBC5_AGACAAAGTTACGATC-1,2
TNBC5_AGACAAATCGATAACC-1,4
TNBC5_AGACACTAGAAGTCTA-1,1
TNBC5_AGACACTAGTCGTTAC-1,6
TNBC5_AGACAGGAGCGACCCT-1,1
TNBC5_AGACAGGCAGACATCT-1,6
TNBC5_AGACAGGGTCTGCGCA-1,1
TNBC5_AGACAGGGTTCGGTTA-1,1
TNBC5_AGACAGGGTTGTCATG-1,1
TNBC5_AGACCATAGCTAGAAT-1,5
TNBC5_AGACCATTCAGCATTG-1,1
TNBC5_AGACCATTCCGTGTCT-1,6
TNBC5_AGACCCGCAAGGTCTT-1,4
TNBC5_AGACCCGCACCGTGAC-1,5
TNBC5_AGACCCGGTAAGATTG-1,3
TNBC5_AGACCCGGTGTTGAGG-1,2
TNBC5_AGACCCGGTTCCTAAG-1,3
TNBC5_AGACTCAAGGATATAC-1,5
TNBC5_AGACTCAGTACTGACT-1,5
TNBC5_AGACTCAGTTACCCAA-1,2
TNBC5_AGACTCATCGAGAGCA-1,4
TNBC5_AGAGAGCCACGACAAG-1,5
TNBC5_AGAGAGCGTCCCAAAT-1,3
TNBC5_AGAGAGCTCCGTACGG-1,2
TNBC5_AGAGCAGCAGCGAACA-1,1
TNBC5_AGAGCAGGTGGAAATT-1,5
TNBC5_AGAGCAGTCTGTACAG-1,4
TNBC5_AGAGCCCAGAATTGTG-1,2
TNBC5_AGAGCCCGTTATGACC-1,1
TNBC5_AGATAGATCCTCACTG-1,3
TNBC5_AGATCCACACACGCCA-1,2
TNBC5_AGATCCAGTTGTTGAC-1,1
TNBC5_AGATCCATCGGAGCAA-1,1
TNBC5_AGATCGTAGCACCCAC-1,2
TNBC5_AGATCGTAGGTTATAG-1,6
TNBC5_AGATCGTTCGCTAAAC-1,5
TNBC5_AGATGAACAGAGGGTT-1,4
TNBC5_AGATGCTAGAGTGTTA-1,3
TNBC5_AGATGCTGTAGCACAG-1,1
TNBC5_AGATGCTTCCCTATTA-1,1
TNBC5_AGATGCTTCGATGCTA-1,2
TNBC5_AGATGCTTCGCGAAGA-1,2
TNBC5_AGCATCAAGGCACAAC-1,2
TNBC5_AGCATCATCTATTGTC-1,1
TNBC5_AGCCAATAGCCGCACT-1,1
TNBC5_AGCCAATCAATGTCAC-1,2
TNBC5_AGCCAATCACGTTGGC-1,1
TNBC5_AGCCACGAGCTGAAAT-1,1
TNBC5_AGCCACGCAATTCTTC-1,6
TNBC5_AGCCACGCAGTCGGTC-1,5
TNBC5_AGCCACGGTACGAAAT-1,1
TNBC5_AGCCACGGTGACTAAA-1,2
TNBC5_AGCCACGGTTTAGACC-1,6
TNBC5_AGCCAGCAGGTCATCT-1,1
TNBC5_AGCCAGCTCATCTGTT-1,2
TNBC5_AGCCAGCTCCGCTAGG-1,1
TNBC5_AGCCAGCTCTTCCCAG-1,5
TNBC5_AGCGATTAGAGGTTAT-1,1
TNBC5_AGCGATTAGGTTGGTG-1,4
TNBC5_AGCGATTAGTGATAGT-1,4
TNBC5_AGCGATTAGTTGGAGC-1,2
TNBC5_AGCGATTCAGCCGTCA-1,1
TNBC5_AGCGATTCAGGTCTCG-1,5
TNBC5_AGCGATTCATGAGATA-1,6
TNBC5_AGCGATTGTGGCTCTG-1,1
TNBC5_AGCGATTTCGCTTTAT-1,1
TNBC5_AGCGCCAAGCGAGAAA-1,1
TNBC5_AGCGCCAAGCGAGTCA-1,4
TNBC5_AGCGCCAAGGTGAGCT-1,4
TNBC5_AGCGCCACACTGCGTG-1,1
TNBC5_AGCGCCACAGCCGTTG-1,2
TNBC5_AGCGCCAGTATGAAGT-1,1
TNBC5_AGCGCCAGTGACTATC-1,4
TNBC5_AGCGCCAGTTGTTGCA-1,1
TNBC5_AGCGCTGCATCCAATG-1,5
TNBC5_AGCGCTGCATTGACTG-1,1
TNBC5_AGCGCTGTCAGCGGAA-1,6
TNBC5_AGCGCTGTCATCAGTG-1,6
TNBC5_AGCGCTGTCCCTCATG-1,1
TNBC5_AGCGTATCAACCACGC-1,6
TNBC5_AGCGTATGTATAGCTC-1,6
TNBC5_AGCGTATTCGCTCCTA-1,6
TNBC5_AGCGTCGAGGCTCTCG-1,1
TNBC5_AGCGTCGTCGGTTCAA-1,3
TNBC5_AGCTACAAGTGCGACA-1,2
TNBC5_AGCTACAGTATCACCA-1,1
TNBC5_AGCTCAAAGCGTCAAG-1,2
TNBC5_AGCTCAACAGCAGTGA-1,4
TNBC5_AGCTTCCAGGGCTTCC-1,5
TNBC5_AGCTTCCAGTCTGCAT-1,5
TNBC5_AGCTTCCCAGAGCGTA-1,5
TNBC5_AGCTTCCCAGATTAAG-1,1
TNBC5_AGCTTCCGTACGAGCA-1,2
TNBC5_AGCTTCCGTGTGGACA-1,2
TNBC5_AGGAAATAGGCTCCCA-1,5
TNBC5_AGGAATAAGGAATCGC-1,4
TNBC5_AGGAATACAGTCGGTC-1,2
TNBC5_AGGAATAGTATGGAGC-1,1
TNBC5_AGGAATATCCAAGGGA-1,5
TNBC5_AGGAATATCTTGCGCT-1,2
TNBC5_AGGAATATCTTGTTAC-1,2
TNBC5_AGGACGAAGAGATGCC-1,1
TNBC5_AGGACTTAGAAGCGCT-1,1
TNBC5_AGGACTTAGGCGAAGG-1,2
TNBC5_AGGACTTCACGTCGGT-1,5
TNBC5_AGGACTTGTACTGGGA-1,1
TNBC5_AGGAGGTAGTTTGTCG-1,5
TNBC5_AGGAGGTGTCAGTCTA-1,6
TNBC5_AGGAGGTGTCGCATCG-1,3
TNBC5_AGGAGGTGTTACGCCG-1,1
TNBC5_AGGAGGTTCACTGAAC-1,1
TNBC5_AGGAGGTTCACTTTGT-1,2
TNBC5_AGGATAACAACGTTAC-1,5
TNBC5_AGGATAACAGTTGTCA-1,2
TNBC5_AGGATAAGTCTTAGTG-1,5
TNBC5_AGGATCTCACTTTAGG-1,2
TNBC5_AGGATCTGTGTGGTCC-1,4
TNBC5_AGGATCTGTTGTCCCT-1,6
TNBC5_AGGCATTAGACGATAT-1,2
TNBC5_AGGCATTAGCCACCGT-1,5
TNBC5_AGGCATTAGCTGTTAC-1,2
TNBC5_AGGCATTAGTTGGAAT-1,2
TNBC5_AGGCATTTCCTTGAAG-1,1
TNBC5_AGGCCACAGTCATGAA-1,4
TNBC5_AGGCTGCAGTACTGTC-1,2
TNBC5_AGGCTGCAGTGCCAGA-1,2
TNBC5_AGGCTGCCAAACTGCT-1,4
TNBC5_AGGCTGCCACCTTCGT-1,5
TNBC5_AGGCTGCGTGTCATTG-1,1
TNBC5_AGGCTGCGTTACCTGA-1,1
TNBC5_AGGCTGCGTTCTCTCG-1,2
TNBC5_AGGGAGTAGAGCCCAA-1,2
TNBC5_AGGGAGTAGCGCCTCA-1,2
TNBC5_AGGGAGTAGCTATCCA-1,5
TNBC5_AGGGAGTTCGCGTAGC-1,5
TNBC5_AGGGCCTAGAAACACT-1,5
TNBC5_AGGGCCTCAAGCGCAA-1,1
TNBC5_AGGGCTCAGATCGCCC-1,1
TNBC5_AGGGCTCCACGCAGTC-1,5
TNBC5_AGGGCTCGTCCGTACG-1,1
TNBC5_AGGGTCCGTGAGGCAT-1,1
TNBC5_AGGGTCCGTGCGTTTA-1,1
TNBC5_AGGGTCCGTTCTTGCC-1,1
TNBC5_AGGGTTTAGCTTCATG-1,1
TNBC5_AGGGTTTAGGGAACAA-1,2
TNBC5_AGGGTTTCATAGGAGC-1,4
TNBC5_AGGTAGGAGGGTCTTT-1,6
TNBC5_AGGTAGGCAGCGACCT-1,6
TNBC5_AGGTCATAGGAAACGA-1,2
TNBC5_AGGTCATGTACAGTAA-1,6
TNBC5_AGGTCATTCGCAGATT-1,2
TNBC5_AGGTCATTCTGTGCGG-1,1
TNBC5_AGGTCTAGTGCGACAA-1,5
TNBC5_AGGTCTAGTGGAATGC-1,1
TNBC5_AGGTGTTAGCAAGGAA-1,2
TNBC5_AGGTGTTAGGCAGCTA-1,6
TNBC5_AGGTGTTCAATCCTTT-1,2
TNBC5_AGGTGTTCACCCAACG-1,4
TNBC5_AGGTGTTTCACTGAAC-1,5
TNBC5_AGGTTACTCGGATACT-1,1
TNBC5_AGGTTGTAGATCGACG-1,2
TNBC5_AGGTTGTCATTGTAGC-1,6
TNBC5_AGGTTGTGTGAGCTCC-1,2
TNBC5_AGGTTGTGTGGATACG-1,1
TNBC5_AGTAACCAGCGATGCA-1,1
TNBC5_AGTAACCAGGATACGC-1,6
TNBC5_AGTAACCAGTGGATTA-1,6
TNBC5_AGTAACCGTAACATGA-1,4
TNBC5_AGTAACCGTTTCTATC-1,2
TNBC5_AGTAACCTCCACGTCT-1,1
TNBC5_AGTAACCTCGTGCTCT-1,1
TNBC5_AGTACCAAGGATGTTA-1,6
TNBC5_AGTACCACACACGTGC-1,1
TNBC5_AGTACCAGTCGAAACG-1,2
TNBC5_AGTACCATCAATGCAC-1,2
TNBC5_AGTACCATCAGATGCT-1,2
TNBC5_AGTACCATCGGCGATC-1,1
TNBC5_AGTACTGAGCATGTTC-1,2
TNBC5_AGTACTGAGGTAGTAT-1,5
TNBC5_AGTACTGAGTAAGACT-1,4
TNBC5_AGTAGTCCAGCCGGTT-1,2
TNBC5_AGTAGTCGTGGCTACC-1,4
TNBC5_AGTAGTCTCCTGGCTT-1,1
TNBC5_AGTAGTCTCGACGACC-1,1
TNBC5_AGTAGTCTCGTTGCCT-1,2
TNBC5_AGTCACAAGAAAGCGA-1,5
TNBC5_AGTCACAAGAACCCGA-1,1
TNBC5_AGTCACAAGGCCTTGC-1,2
TNBC5_AGTCACAAGTCACAGG-1,6
TNBC5_AGTCACACACAGCTTA-1,5
TNBC5_AGTCACACACCGGTCA-1,5
TNBC5_AGTCACATCACTTGTT-1,1
TNBC5_AGTCACATCCTACTGC-1,5
TNBC5_AGTCATGAGAGGCCAT-1,6
TNBC5_AGTCATGAGGTTGGAC-1,6
TNBC5_AGTCATGCAGGCAATG-1,1
TNBC5_AGTCATGGTCAAGCCC-1,1
TNBC5_AGTCATGTCGATAACC-1,6
TNBC5_AGTGACTAGATCCAAA-1,1
TNBC5_AGTGACTAGTTTGGCT-1,5
TNBC5_AGTGACTGTGGATTTC-1,6
TNBC5_AGTGACTGTGGGTCAA-1,1
TNBC5_AGTGATCAGGGAGGGT-1,1
TNBC5_AGTGATCCATCTAACG-1,5
TNBC5_AGTGATCGTTCCGGTG-1,1
TNBC5_AGTGATCTCAAGAGGC-1,2
TNBC5_AGTGCCGCAAGCAATA-1,5
TNBC5_AGTGCCGCAGCATCTA-1,6
TNBC5_AGTGCCGCAGGCGATA-1,1
TNBC5_AGTGCCGGTCCGAAAG-1,1
TNBC5_AGTGTTGAGTGGAAAG-1,3
TNBC5_AGTGTTGCACGGCGTT-1,5
TNBC5_AGTGTTGCAGCCGGTT-1,1
TNBC5_AGTGTTGGTACTTCCC-1,6
TNBC5_AGTTAGCAGACATAAC-1,1
TNBC5_AGTTAGCAGGCGAAGG-1,2
TNBC5_AGTTAGCAGTTCCGGC-1,2
TNBC5_AGTTAGCCAAGGGCAT-1,1
TNBC5_AGTTAGCCACAAAGCG-1,3
TNBC5_AGTTAGCCAGACGCTC-1,1
TNBC5_AGTTAGCCATGCGGTC-1,5
TNBC5_AGTTAGCGTATGGAGC-1,6
TNBC5_AGTTAGCTCTTGCAAG-1,1
TNBC5_AGTTCCCAGACGGTCA-1,2
TNBC5_AGTTCCCAGACTTAAG-1,1
TNBC5_AGTTCCCAGGTAACTA-1,1
TNBC5_AGTTCCCGTTGGAGAC-1,1
TNBC5_AGTTCCCTCGACCAAT-1,2
TNBC5_AGTTCGAGTGTAAATG-1,4
TNBC5_AGTTCGATCCCAGGAC-1,4
TNBC5_AGTTCGATCGAATCCA-1,1
TNBC5_ATACCGAAGTTGCTGT-1,4
TNBC5_ATACCGACACCTGATA-1,2
TNBC5_ATACCGAGTACAGCGA-1,1
TNBC5_ATACCGAGTATCCTTT-1,1
TNBC5_ATACCGAGTCTTCTAT-1,6
TNBC5_ATACCGAGTTACTCAG-1,1
TNBC5_ATACCTTGTTCTTCAT-1,2
TNBC5_ATACCTTTCTAGTTCT-1,1
TNBC5_ATACTTCAGGTCCCGT-1,5
TNBC5_ATACTTCCAACGCATT-1,2
TNBC5_ATACTTCCACTTGTCC-1,6
TNBC5_ATACTTCCATCTCATT-1,2
TNBC5_ATACTTCGTTAGGCCC-1,1
TNBC5_ATAGACCAGTGGTTGG-1,2
TNBC5_ATAGACCAGTTCCGTA-1,2
TNBC5_ATAGACCCAAGTTTGC-1,6
TNBC5_ATAGACCGTCCAATCA-1,6
TNBC5_ATAGACCGTGCCTAAT-1,6
TNBC5_ATAGAGAAGGAACTCG-1,6
TNBC5_ATAGAGAAGTATGCAA-1,2
TNBC5_ATAGAGAGTGCCTATA-1,3
TNBC5_ATAGAGATCACCGGTG-1,2
TNBC5_ATAGAGATCTAAGCCA-1,1
TNBC5_ATAGGCTAGTGAATAC-1,1
TNBC5_ATAGGCTGTTTCGGCG-1,1
TNBC5_ATAGGCTTCTTAGCTT-1,6
TNBC5_ATATCCTAGCATCCTA-1,5
TNBC5_ATATCCTCATACACCA-1,1
TNBC5_ATATCCTGTTCGGCCA-1,1
TNBC5_ATATCCTTCATTCGTT-1,1
TNBC5_ATCACAGCAAAGAACT-1,4
TNBC5_ATCACAGGTTGCCGAC-1,2
TNBC5_ATCACAGTCAAGGACG-1,4
TNBC5_ATCACAGTCACCTTGC-1,2
TNBC5_ATCACAGTCCTACAAG-1,1
TNBC5_ATCACGAAGCTGTCCG-1,1
TNBC5_ATCACGAAGTCTAACC-1,1
TNBC5_ATCACGACAAGCTCTA-1,1
TNBC5_ATCACGACAATTGCGT-1,1
TNBC5_ATCACGAGTGACCGAA-1,1
TNBC5_ATCACTTGTGTATCCA-1,1
TNBC5_ATCACTTTCGTGCAGC-1,4
TNBC5_ATCAGGTAGTATGGAT-1,2
TNBC5_ATCAGGTGTCGCTTAA-1,1
TNBC5_ATCATTCAGAGGGTCT-1,5
TNBC5_ATCATTCCATCGCCTT-1,1
TNBC5_ATCATTCGTATACCTG-1,6
TNBC5_ATCATTCGTGGCGCTT-1,1
TNBC5_ATCATTCTCCTTCAGC-1,4
TNBC5_ATCATTCTCTTACCGC-1,1
TNBC5_ATCCACCAGATTGGGC-1,2
TNBC5_ATCCACCAGCGAAACC-1,2
TNBC5_ATCCACCCACAAATGA-1,1
TNBC5_ATCCACCCAGCTTTGA-1,4
TNBC5_ATCCACCGTGGAGGTT-1,2
TNBC5_ATCCATTAGGTCACTT-1,1
TNBC5_ATCCATTTCTACTGAG-1,4
TNBC5_ATCCCTGAGCTTCGTA-1,1
TNBC5_ATCCCTGGTGTTCCTC-1,1
TNBC5_ATCCGTCAGGAGCTGT-1,1
TNBC5_ATCCGTCCAAAGGTTA-1,1
TNBC5_ATCCGTCTCCATTGGA-1,3
TNBC5_ATCCTATGTAAGCGGT-1,2
TNBC5_ATCGATGCAGAGTCTT-1,2
TNBC5_ATCGATGGTTAAGTCC-1,1
TNBC5_ATCGATGTCAGCCTTC-1,6
TNBC5_ATCGCCTAGCCGTTGC-1,5
TNBC5_ATCGCCTCATACACCA-1,1
TNBC5_ATCGCCTGTACTGTTG-1,1
TNBC5_ATCGCCTGTAGGCAGT-1,6
TNBC5_ATCGGATAGCGGGTAT-1,1
TNBC5_ATCGGATAGCGTTCAT-1,1
TNBC5_ATCGGATCAGCTGTTA-1,3
TNBC5_ATCGGATCATTGGGAG-1,1
TNBC5_ATCGGATGTGCTCGTG-1,5
TNBC5_ATCGGATTCGTTCCTG-1,1
TNBC5_ATCGGCGAGTTGTACC-1,6
TNBC5_ATCGGCGTCATGAGGG-1,1
TNBC5_ATCGGCGTCCTTCTTC-1,4
TNBC5_ATCGGCGTCTGTACAG-1,1
TNBC5_ATCGTAGAGGCGTTAG-1,1
TNBC5_ATCGTAGCAGTTAAAG-1,1
TNBC5_ATCGTAGTCTCTAGGA-1,1
TNBC5_ATCGTCCAGTACGTCT-1,3
TNBC5_ATCGTCCCAGCAGTTT-1,2
TNBC5_ATCGTCCGTTCCGGTG-1,1
TNBC5_ATCGTCCTCTCGGTAA-1,1
TNBC5_ATCGTGATCGCAACAT-1,1
TNBC5_ATCTCTAAGGCACAAC-1,2
TNBC5_ATCTCTAAGTATGGCG-1,5
TNBC5_ATCTCTAGTGATACAA-1,5
TNBC5_ATCTCTAGTGCCTACG-1,2
TNBC5_ATCTCTATCCGTGCGA-1,5
TNBC5_ATCTTCACAAAGCACG-1,2
TNBC5_ATCTTCAGTATCAAGA-1,4
TNBC5_ATCTTCAGTTTACACG-1,6
TNBC5_ATGAAAGAGTGGCCTC-1,5
TNBC5_ATGAAAGCAGGCCCTA-1,1
TNBC5_ATGAAAGCAGGCTATT-1,4
TNBC5_ATGAAAGGTGGTTTAC-1,2
TNBC5_ATGAAAGGTTATGTCG-1,3
TNBC5_ATGAAAGTCGAGAAAT-1,1
TNBC5_ATGACCACATTGTACG-1,2
TNBC5_ATGACCACATTGTGCA-1,2
TNBC5_ATGACCAGTATAGCTC-1,6
TNBC5_ATGACCATCAACCGAT-1,5
TNBC5_ATGAGGGAGAGCTGAC-1,1
TNBC5_ATGAGGGAGTCAATCC-1,1
TNBC5_ATGAGGGAGTGGTTGG-1,1
TNBC5_ATGAGGGCACAAATCC-1,4
TNBC5_ATGAGTCAGCGAATGC-1,3
TNBC5_ATGAGTCAGTCTCTGA-1,5
TNBC5_ATGAGTCAGTGAGGCT-1,2
TNBC5_ATGAGTCGTGGATCAG-1,4
TNBC5_ATGAGTCTCCCAAGTA-1,2
TNBC5_ATGATCGAGCAACAAT-1,1
TNBC5_ATGATCGCAATAACGA-1,1
TNBC5_ATGATCGCACCTATCC-1,1
TNBC5_ATGATCGGTAACTGCT-1,2
TNBC5_ATGATCGGTACATACC-1,1
TNBC5_ATGATCGTCCATGATG-1,4
TNBC5_ATGATCGTCCCGTGTT-1,1
TNBC5_ATGCATGAGCCAAGTG-1,2
TNBC5_ATGCATGAGCCGCACT-1,2
TNBC5_ATGCATGAGGACTTCT-1,4
TNBC5_ATGCCTCAGATTTGCC-1,4
TNBC5_ATGCCTCAGGTAAAGG-1,2
TNBC5_ATGCCTCAGTCGAAAT-1,5
TNBC5_ATGCCTCCATCCTTCG-1,2
TNBC5_ATGCCTCGTAGGAGGG-1,1
TNBC5_ATGCCTCGTCATTGCA-1,2
TNBC5_ATGCCTCGTCGGCCTA-1,5
TNBC5_ATGCCTCGTCGTGCCA-1,6
TNBC5_ATGCCTCGTCTGATCA-1,5
TNBC5_ATGCCTCTCCTACGAA-1,3
TNBC5_ATGCGATAGAATTTGG-1,4
TNBC5_ATGCGATAGGCTTCCG-1,1
TNBC5_ATGCGATCAAGGTACG-1,6
TNBC5_ATGCGATGTGCGAGTA-1,4
TNBC5_ATGCGATGTTTGACAC-1,4
TNBC5_ATGGAGGCATAGGAGC-1,2
TNBC5_ATGGATCAGAGTCTGG-1,1
TNBC5_ATGGATCCAATACAGA-1,1
TNBC5_ATGGATCGTACCCACG-1,2
TNBC5_ATGGATCGTGCATGTT-1,1
TNBC5_ATGGATCTCTCCGAGG-1,5
TNBC5_ATGGATCTCTGGACCG-1,3
TNBC5_ATGGGAGAGATGAATC-1,1
TNBC5_ATGGGAGAGCGGTAAC-1,1
TNBC5_ATGGGTTAGCAGGCTA-1,5
TNBC5_ATGGGTTCACTGTGTA-1,2
TNBC5_ATGGGTTGTCCCGGTA-1,2
TNBC5_ATGGGTTTCATCGCCT-1,4
TNBC5_ATGGTTGGTGGGCTTC-1,5
TNBC5_ATGGTTGGTTCGGTCG-1,4
TNBC5_ATGTCCCCAAGGCCTC-1,1
TNBC5_ATGTCCCGTACCAGAG-1,1
TNBC5_ATGTCCCGTTTCGATG-1,1
TNBC5_ATGTCCCTCGACACCG-1,2
TNBC5_ATGTCTTAGAAGAACG-1,6
TNBC5_ATGTCTTCATAACCCA-1,5
TNBC5_ATGTCTTTCGATTGAC-1,1
TNBC5_ATTACCTAGTTCGCAT-1,1
TNBC5_ATTACCTGTCGATTCA-1,2
TNBC5_ATTACCTGTTTACGTG-1,1
TNBC5_ATTACCTTCGAGTACT-1,1
TNBC5_ATTACTCTCCGGGACT-1,2
TNBC5_ATTATCCCAGAGAAAG-1,1
TNBC5_ATTATCCCAGAGGTAC-1,5
TNBC5_ATTATCCCAGCTACCG-1,1
TNBC5_ATTATCCGTAGTCTGT-1,1
TNBC5_ATTATCCGTTAAACCC-1,1
TNBC5_ATTATCCTCCCTTGGT-1,2
TNBC5_ATTCACTAGAGGCGGA-1,6
TNBC5_ATTCACTAGCAGCAGT-1,6
TNBC5_ATTCACTAGTCTGGAG-1,6
TNBC5_ATTCACTTCCACAGCG-1,1
TNBC5_ATTCACTTCGGAGTGA-1,1
TNBC5_ATTCAGGGTCCTGAAT-1,1
TNBC5_ATTCATCGTGGCTTAT-1,2
TNBC5_ATTCATCGTTGCGGAA-1,4
TNBC5_ATTCATCTCCGTTGAA-1,4
TNBC5_ATTCCATAGGAGGGTG-1,1
TNBC5_ATTCCATCATGTACGT-1,3
TNBC5_ATTCCATGTGTTGAGG-1,2
TNBC5_ATTCCCGAGCCGTCGT-1,1
TNBC5_ATTCCCGCACTTCCTG-1,4
TNBC5_ATTCCCGCAGCAAGAC-1,2
TNBC5_ATTCCCGGTCGAGTGA-1,6
TNBC5_ATTCCCGTCACAGTGT-1,4
TNBC5_ATTCCTAAGCTGCCTG-1,1
TNBC5_ATTCCTACAAGCTGTT-1,2
TNBC5_ATTCCTATCGCTAATG-1,6
TNBC5_ATTCGTTAGTGGTCAG-1,2
TNBC5_ATTCGTTCATGTGGCC-1,6
TNBC5_ATTCGTTGTTATGTGC-1,1
TNBC5_ATTCGTTTCCAAATGC-1,1
TNBC5_ATTCGTTTCTGGGCCA-1,1
TNBC5_ATTCGTTTCTTTGCGC-1,2
TNBC5_ATTCTACAGCTTGTTG-1,2
TNBC5_ATTCTACGTCCAAGAG-1,6
TNBC5_ATTCTTGAGAATCTAG-1,6
TNBC5_ATTCTTGCACATCATG-1,4
TNBC5_ATTCTTGCAGAGTTCT-1,2
TNBC5_ATTCTTGCAGGATTCT-1,2
TNBC5_ATTCTTGGTGCCTTTC-1,2
TNBC5_ATTGGGTAGAACAGGA-1,6
TNBC5_ATTGGGTCAATTAGGA-1,1
TNBC5_ATTGGGTCATGGCTAT-1,1
TNBC5_ATTGGGTGTCTTGAGT-1,5
TNBC5_ATTGTTCAGACCGTTT-1,1
TNBC5_ATTGTTCGTAGGACCA-1,5
TNBC5_ATTGTTCGTTTAGACC-1,1
TNBC5_ATTTACCTCCCGAGGT-1,4
TNBC5_ATTTACCTCGAGTTGT-1,2
TNBC5_ATTTACCTCTAACGCA-1,1
TNBC5_ATTTCACGTACTGACT-1,2
TNBC5_ATTTCTGAGGAAAGAC-1,6
TNBC5_ATTTCTGCAAGTAGTA-1,3
TNBC5_ATTTCTGTCATCGCAA-1,1
TNBC5_CAAAGAAAGCTTACGT-1,2
TNBC5_CAAAGAACATTACTCT-1,1
TNBC5_CAAAGAAGTAGTCTGT-1,1
TNBC5_CAAAGAAGTGCGACAA-1,3
TNBC5_CAAAGAAGTTTACTTC-1,1
TNBC5_CAAAGAATCTGTCCCA-1,1
TNBC5_CAACAACAGGACAACC-1,2
TNBC5_CAACAACTCTGATGGT-1,1
TNBC5_CAACAGTAGGCGAAGG-1,1
TNBC5_CAACAGTGTCAGGTAG-1,4
TNBC5_CAACCAACAGCTCTGG-1,6
TNBC5_CAACCAAGTCACCGAC-1,5
TNBC5_CAACCAAGTGACACGA-1,1
TNBC5_CAACCAAGTGCTAGCC-1,6
TNBC5_CAACCAATCCAAATGC-1,2
TNBC5_CAACCAATCTGGCCAG-1,2
TNBC5_CAACCTCAGACGAAGA-1,1
TNBC5_CAACCTCAGGAGATAG-1,2
TNBC5_CAACCTCCAATGGCAG-1,1
TNBC5_CAACCTCGTGGCTCTG-1,3
TNBC5_CAACCTCTCCGTGGTG-1,1
TNBC5_CAACGATAGGCTGGAT-1,3
TNBC5_CAACGATCAATCGTCA-1,5
TNBC5_CAACGATGTTCGAACT-1,2
TNBC5_CAACGATTCAACGTGT-1,1
TNBC5_CAACGGCAGAAGCGGG-1,5
TNBC5_CAACGGCCACTTGTCC-1,2
TNBC5_CAACGGCTCTGGACCG-1,3
TNBC5_CAAGACTAGGCTTAAA-1,6
TNBC5_CAAGACTTCCAGCACG-1,2
TNBC5_CAAGACTTCCATCTAT-1,2
TNBC5_CAAGACTTCTGCGATA-1,3
TNBC5_CAAGAGGAGGTATTGA-1,1
TNBC5_CAAGAGGCAGCAGACA-1,1
TNBC5_CAAGAGGTCAATGCAC-1,2
TNBC5_CAAGAGGTCGAAGGAC-1,1
TNBC5_CAAGAGGTCGCCTTGT-1,5
TNBC5_CAAGCTAAGACAAGCC-1,5
TNBC5_CAAGCTAGTGGTCCGT-1,6
TNBC5_CAAGGGAAGGACACTG-1,1
TNBC5_CAAGGGAAGGAGGTTC-1,1
TNBC5_CAAGGGAAGGGCTAAC-1,1
TNBC5_CAAGGGACAGAGGAAA-1,1
TNBC5_CAAGGGAGTAACATAG-1,2
TNBC5_CAAGGGAGTACGGATG-1,5
TNBC5_CAATACGAGGGAGGTG-1,2
TNBC5_CAATACGGTAGGTGCA-1,1
TNBC5_CAATACGGTGCAGTGA-1,2
TNBC5_CAATACGTCGGCTGGT-1,4
TNBC5_CAATCGAAGCCTATTG-1,1
TNBC5_CAATCGACAGCGATTT-1,2
TNBC5_CAATCGACAGTTTCAG-1,6
TNBC5_CAATCGACATGTGCTA-1,6
TNBC5_CAATCGATCAAGTCGT-1,4
TNBC5_CAATGACCAACCACGC-1,2
TNBC5_CAATGACGTAGATGTA-1,2
TNBC5_CAATGACTCCTTATCA-1,6
TNBC5_CAATTTCAGTGCTAGG-1,1
TNBC5_CAATTTCCATTGGGAG-1,4
TNBC5_CAATTTCGTCTACACA-1,2
TNBC5_CACAACACATGCTGCG-1,2
TNBC5_CACAACAGTCCCGGTA-1,2
TNBC5_CACACAAAGCCTCATA-1,6
TNBC5_CACACAACACGACAGA-1,1
TNBC5_CACACAACACTTCAAG-1,5
TNBC5_CACACAACATGGGCAA-1,5
TNBC5_CACACAATCAAATAGG-1,5
TNBC5_CACACAATCACACGAT-1,1
TNBC5_CACACAATCCATTTGT-1,2
TNBC5_CACACAATCGCGTGCA-1,1
TNBC5_CACAGATCAGAGGTTG-1,6
TNBC5_CACAGATTCACATTGG-1,1
TNBC5_CACAGATTCGACCTAA-1,6
TNBC5_CACAGATTCTTCCGTG-1,1
TNBC5_CACAGGCAGAATAGTC-1,1
TNBC5_CACAGGCAGGTAGATT-1,6
TNBC5_CACAGGCTCCTGTTAT-1,6
TNBC5_CACATGACACGAAGAC-1,1
TNBC5_CACATGACACGACTAT-1,2
TNBC5_CACATGAGTCTCACAA-1,1
TNBC5_CACATGATCCAAAGGG-1,4
TNBC5_CACATGATCGCACGGT-1,5
TNBC5_CACCAAAAGAATGTTG-1,4
TNBC5_CACCAAAAGAGACAAG-1,2
TNBC5_CACCAAAAGAGCAAGA-1,6
TNBC5_CACCAAAGTAAGTTGA-1,2
TNBC5_CACCAAATCACGTCCT-1,2
TNBC5_CACCGTTCACACCTTC-1,1
TNBC5_CACCGTTTCCTCTAGC-1,1
TNBC5_CACCGTTTCTGGACCG-1,1
TNBC5_CACGAATAGTGCACAG-1,1
TNBC5_CACGAATTCAACTCTT-1,2
TNBC5_CACGGGTAGACTACGG-1,2
TNBC5_CACGGGTAGCAACTCT-1,2
TNBC5_CACGGGTAGTACAGCG-1,6
TNBC5_CACGGGTCATCAGCTA-1,2
TNBC5_CACGGGTTCAAGCCAT-1,1
TNBC5_CACGGGTTCTTCTAAC-1,5
TNBC5_CACGTGGAGCCTATTG-1,2
TNBC5_CACGTGGAGGATGCGT-1,1
TNBC5_CACGTGGTCTATCGTT-1,6
TNBC5_CACGTTCCAAATCGGG-1,1
TNBC5_CACGTTCCAGAGAATT-1,6
TNBC5_CACTAAGAGGTTCATC-1,6
TNBC5_CACTAAGCAGCATACT-1,2
TNBC5_CACTAAGGTGAGGAAA-1,4
TNBC5_CACTAAGGTGCCGAAA-1,1
TNBC5_CACTAAGTCCATTTGT-1,6
TNBC5_CACTGAAAGCGCGTTC-1,1
TNBC5_CACTGAACAACTTCTT-1,1
TNBC5_CACTGAATCGACGCGT-1,2
TNBC5_CACTGGGAGTGTAGTA-1,6
TNBC5_CACTGGGGTGACCGAA-1,5
TNBC5_CACTGTCGTAGTCGGA-1,4
TNBC5_CACTGTCGTTGTAAAG-1,1
TNBC5_CACTGTCTCCTTCTTC-1,6
TNBC5_CACTGTCTCTAGAACC-1,6
TNBC5_CACTTCGGTTGTACGT-1,1
TNBC5_CAGAGCCAGCACTGGA-1,1
TNBC5_CAGAGCCCAGGAGACT-1,6
TNBC5_CAGAGCCGTTAATCGC-1,1
TNBC5_CAGATACCAGCAGATG-1,1
TNBC5_CAGATACCATCAACCA-1,2
TNBC5_CAGATACTCCAAGAGG-1,5
TNBC5_CAGATACTCCTTCAGC-1,1
TNBC5_CAGATACTCTATCCAT-1,2
TNBC5_CAGATCAAGGGACCAT-1,4
TNBC5_CAGATCACAATTGGTC-1,5
TNBC5_CAGATCAGTAGCGAGT-1,1
TNBC5_CAGATCAGTGTTCAGT-1,4
TNBC5_CAGATTGAGAATTCAG-1,4
TNBC5_CAGATTGAGCCTTTGA-1,2
TNBC5_CAGATTGAGGTGCTGA-1,1
TNBC5_CAGATTGAGTCCTACA-1,2
TNBC5_CAGATTGGTATCATGC-1,5
TNBC5_CAGATTGGTGGTCAAG-1,1
TNBC5_CAGATTGTCATCGCAA-1,6
TNBC5_CAGCAATAGCGGTAAC-1,1
TNBC5_CAGCAATAGTAACCGG-1,1
TNBC5_CAGCAATCACCTCAGG-1,1
TNBC5_CAGCAATGTGTGGTCC-1,6
TNBC5_CAGCAATTCGTGACTA-1,2
TNBC5_CAGCACGCAGACACCC-1,5
TNBC5_CAGCACGGTTAGTTCG-1,2
TNBC5_CAGCACGTCGCTTAAG-1,2
TNBC5_CAGCAGCCAAGAGATT-1,2
TNBC5_CAGCAGCCACATATCG-1,1
TNBC5_CAGCAGCGTTGGCCTG-1,1
TNBC5_CAGCAGCTCCGGACGT-1,5
TNBC5_CAGCAGCTCCTTCTGG-1,6
TNBC5_CAGCAGCTCGAGATGG-1,2
TNBC5_CAGCCAGAGCATGGGT-1,2
TNBC5_CAGCCAGAGGTCCAGA-1,1
TNBC5_CAGCGTGAGTAGCATA-1,2
TNBC5_CAGCGTGCACTCCCTA-1,6
TNBC5_CAGCGTGTCTGCGTCT-1,4
TNBC5_CAGGCCAAGCGATGAC-1,5
TNBC5_CAGGCCACAACCGTGC-1,1
TNBC5_CAGGCCACAGGTACGA-1,2
TNBC5_CAGGCCAGTATCAGCT-1,5
TNBC5_CAGGCCAGTCCAATCA-1,2
TNBC5_CAGGCCAGTCTCAGAT-1,2
TNBC5_CAGGCCATCGAAGCCC-1,1
TNBC5_CAGGCCATCGCAGTGC-1,2
TNBC5_CAGGGCTGTACTAGCT-1,2
TNBC5_CAGGGCTTCAAGTAAG-1,4
TNBC5_CAGGGCTTCCCAAGTA-1,2
TNBC5_CAGGTATAGTCAACAA-1,1
TNBC5_CAGGTATCAAAGGGTC-1,4
TNBC5_CAGGTATCACAGAAGC-1,2
TNBC5_CAGGTATCATCCGGCA-1,6
TNBC5_CAGGTATGTTCTCTCG-1,1
TNBC5_CAGTGCGAGCTAATGA-1,1
TNBC5_CAGTGCGAGGCCCAAA-1,3
TNBC5_CAGTGCGCAATGGGTG-1,1
TNBC5_CAGTGCGCAGGCCTGT-1,5
TNBC5_CAGTGCGTCAGGAACG-1,1
TNBC5_CAGTGCGTCGTAACTG-1,3
TNBC5_CAGTTAGAGCAGCGAT-1,1
TNBC5_CAGTTAGCACTCTAGA-1,1
TNBC5_CAGTTAGCAGAGAGGG-1,5
TNBC5_CAGTTAGGTCGTTGCG-1,6
TNBC5_CAGTTAGTCCACGTCT-1,1
TNBC5_CAGTTCCAGCACCTGC-1,6
TNBC5_CAGTTCCCATCATGAC-1,5
TNBC5_CATAAGCCAACATCGT-1,1
TNBC5_CATAAGCGTCGGTACC-1,1
TNBC5_CATACAGAGAGAGTTT-1,1
TNBC5_CATACAGAGCTGGCTC-1,1
TNBC5_CATACAGCATGGGATG-1,5
TNBC5_CATACAGGTACTCGAT-1,1
TNBC5_CATACCCGTATCCCTC-1,1
TNBC5_CATACCCGTGATGTAA-1,6
TNBC5_CATACCCGTTAGGGTG-1,1
TNBC5_CATACTTTCGCACGGT-1,2
TNBC5_CATAGACAGGGTGGGA-1,1
TNBC5_CATAGACAGTCAGGGT-1,6
TNBC5_CATAGACGTACGTTCA-1,1
TNBC5_CATAGACGTTTGGAGG-1,6
TNBC5_CATCAAGAGCACCTGC-1,1
TNBC5_CATCAAGTCGCGTTTC-1,2
TNBC5_CATCCACCATTCTCTA-1,6
TNBC5_CATCCACGTCAATGGG-1,6
TNBC5_CATCCACGTGGAAATT-1,1
TNBC5_CATCCACGTTACCCAA-1,5
TNBC5_CATCCACGTTGGGTAG-1,1
TNBC5_CATCCACTCAAGAGGC-1,1
TNBC5_CATCCACTCCGCAACG-1,2
TNBC5_CATCCCACACGTTGGC-1,1
TNBC5_CATCCCAGTTCACGAT-1,6
TNBC5_CATCCGTAGGACGCAT-1,4
TNBC5_CATCCGTGTTCTCTCG-1,2
TNBC5_CATCGCTAGTCCCTAA-1,5
TNBC5_CATCGCTGTCCAACGC-1,1
TNBC5_CATCGGGCATGTTTGG-1,3
TNBC5_CATCGGGCATTACGGT-1,1
TNBC5_CATCGGGTCGGTCGAC-1,1
TNBC5_CATCGTCAGCCTCTGG-1,1
TNBC5_CATCGTCCAGCGATTT-1,1
TNBC5_CATCGTCTCACAAGAA-1,2
TNBC5_CATCGTCTCAGACATC-1,5
TNBC5_CATCGTCTCCCAAGTA-1,2
TNBC5_CATCGTCTCTTCGTGC-1,4
TNBC5_CATGAGTCATAACAGA-1,2
TNBC5_CATGAGTCATGGCACC-1,1
TNBC5_CATGAGTGTCCTGTTC-1,3
TNBC5_CATGCAACAACCTATG-1,6
TNBC5_CATGCAATCCGAGGCT-1,4
TNBC5_CATGCCTCAAAGGCAC-1,4
TNBC5_CATGCCTCAATGAACA-1,5
TNBC5_CATGCCTGTGAGTAGC-1,1
TNBC5_CATGCCTGTGGCGTAA-1,1
TNBC5_CATGCCTGTGTGTCCG-1,2
TNBC5_CATGCCTTCCCTTCCC-1,4
TNBC5_CATGCGGCATATCGGT-1,5
TNBC5_CATGCTCAGAATGTTG-1,5
TNBC5_CATGCTCAGTTCATCG-1,5
TNBC5_CATGCTCTCGGTAGGA-1,6
TNBC5_CATGCTCTCGTCGACG-1,1
TNBC5_CATGGATAGGTCATAA-1,2
TNBC5_CATGGATGTAAGGCCA-1,4
TNBC5_CATGGATGTTAAAGTG-1,1
TNBC5_CATGGTAAGCAAGTGC-1,5
TNBC5_CATGGTAAGCTGCCAC-1,5
TNBC5_CATGGTATCTGCTTAT-1,4
TNBC5_CATTCATAGTATGACA-1,1
TNBC5_CATTCATGTGCTCTTC-1,4
TNBC5_CATTCATTCGCCGAGT-1,6
TNBC5_CATTCCGAGAATACAC-1,1
TNBC5_CATTCCGGTAGATGTA-1,4
TNBC5_CATTCCGTCCATAGAC-1,1
TNBC5_CATTCTAAGATGAATC-1,1
TNBC5_CATTCTACAAATCGGG-1,4
TNBC5_CATTCTACACAGTGAG-1,1
TNBC5_CATTCTACATGACTTG-1,1
TNBC5_CATTCTAGTAACGATA-1,1
TNBC5_CATTCTAGTTCGGACC-1,1
TNBC5_CATTCTATCCTTCGAC-1,5
TNBC5_CATTGAGAGCTCTATG-1,1
TNBC5_CATTGAGCAAGCGCAA-1,6
TNBC5_CATTGAGTCCATACTT-1,1
TNBC5_CATTGCCAGTGTCATC-1,1
TNBC5_CATTGCCGTCGACGCT-1,2
TNBC5_CATTGCCGTGCCGAAA-1,2
TNBC5_CATTGCCTCGATCCCT-1,1
TNBC5_CATTGTTAGCCTCATA-1,2
TNBC5_CATTGTTCACTGTCCT-1,5
TNBC5_CATTGTTGTGGCAGAT-1,2
TNBC5_CATTTCAAGCAAACAT-1,2
TNBC5_CATTTCAAGGACAAGA-1,1
TNBC5_CATTTCAAGTGATCGG-1,6
TNBC5_CATTTCACAGCGTACC-1,2
TNBC5_CATTTCACAGGTTTAC-1,1
TNBC5_CATTTCAGTAGCGCTC-1,2
TNBC5_CATTTCATCGGATAAA-1,2
TNBC5_CCAAGCGAGTAAATGC-1,4
TNBC5_CCAAGCGAGTGTACAA-1,1
TNBC5_CCAAGCGGTGAGACGT-1,3
TNBC5_CCAATGATCTCGTCGT-1,1
TNBC5_CCAATTTGTTAGTCGT-1,6
TNBC5_CCAATTTTCCTTATCA-1,1
TNBC5_CCACAAAAGCACACCC-1,1
TNBC5_CCACAAAAGCGCCATC-1,4
TNBC5_CCACAAAAGGTATAGT-1,2
TNBC5_CCACAAAAGTCGCTAT-1,6
TNBC5_CCACAAACACATACGT-1,4
TNBC5_CCACAAAGTGGACAGT-1,1
TNBC5_CCACACTAGAACCGCA-1,6
TNBC5_CCACACTGTTCGTACA-1,1
TNBC5_CCACCATCATAACGGG-1,4
TNBC5_CCACCATGTTCGAAGG-1,1
TNBC5_CCACCATTCTCGTCGT-1,2
TNBC5_CCACGAGGTACAAACA-1,1
TNBC5_CCACGAGGTTGCATTG-1,2
TNBC5_CCACGAGTCACTTGGA-1,4
TNBC5_CCACGTTAGGAGACCT-1,1
TNBC5_CCACGTTAGGATGCGT-1,6
TNBC5_CCACGTTCAGCGGTTC-1,4
TNBC5_CCACGTTGTGCCTGAC-1,2
TNBC5_CCACTTGCAACGGTAG-1,2
TNBC5_CCACTTGGTACGACTT-1,2
TNBC5_CCATAAGAGACGTCCC-1,6
TNBC5_CCATAAGAGTCACTCA-1,2
TNBC5_CCATAAGGTGAGGAAA-1,6
TNBC5_CCATAAGTCGGAGCAA-1,1
TNBC5_CCATAAGTCGTTCATT-1,1
TNBC5_CCATCACAGCTCTATG-1,1
TNBC5_CCATCACAGGTGGTTG-1,2
TNBC5_CCATCACCACCCAATA-1,2
TNBC5_CCATCACTCGCCTTGT-1,2
TNBC5_CCATCACTCGGCCTTT-1,2
TNBC5_CCCAACTAGCCACAAG-1,6
TNBC5_CCCAACTCAGAAATCA-1,2
TNBC5_CCCAACTCATGATAGA-1,2
TNBC5_CCCAACTGTAGACACG-1,4
TNBC5_CCCAACTTCAGCACCG-1,1
TNBC5_CCCAACTTCATTACGG-1,6
TNBC5_CCCATTGAGCTCAGAG-1,1
TNBC5_CCCATTGCAAGTGATA-1,1
TNBC5_CCCATTGTCAAGAATG-1,1
TNBC5_CCCGAAGCATTCACCC-1,6
TNBC5_CCCGAAGGTGCATTAC-1,1
TNBC5_CCCGAAGTCGCAGTTA-1,4
TNBC5_CCCGAAGTCTAGTCAG-1,6
TNBC5_CCCGGAACAACTCATG-1,2
TNBC5_CCCGGAATCCTAGAGT-1,1
TNBC5_CCCTCAAAGAGAACCC-1,6
TNBC5_CCCTCAAAGGTTCTTG-1,6
TNBC5_CCCTCAACAACCCTAA-1,6
TNBC5_CCCTCAAGTCAGTTTG-1,1
TNBC5_CCCTCAAGTCGCCTAG-1,4
TNBC5_CCCTCAAGTCTCACGG-1,6
TNBC5_CCCTCAAGTTCTTGTT-1,2
TNBC5_CCCTCAATCATGACAC-1,1
TNBC5_CCCTCAATCATTGCCC-1,1
TNBC5_CCCTCAATCGTCACCT-1,2
TNBC5_CCCTCAATCTTCGTAT-1,6
TNBC5_CCCTCTCAGGCACAAC-1,1
TNBC5_CCCTCTCGTGGAAGTC-1,2
TNBC5_CCCTCTCGTTAGAAAC-1,4
TNBC5_CCCTCTCTCTGTGCTC-1,4
TNBC5_CCCTGATAGCCGCTTG-1,5
TNBC5_CCCTGATAGCTCGACC-1,3
TNBC5_CCCTGATAGGAACTAT-1,1
TNBC5_CCCTGATCAGACACAG-1,1
TNBC5_CCCTGATGTATCGATC-1,1
TNBC5_CCCTGATGTCATAAAG-1,1
TNBC5_CCCTGATGTTACTCAG-1,1
TNBC5_CCCTGATTCAACGTGT-1,4
TNBC5_CCCTGATTCAGGGTAG-1,1
TNBC5_CCCTTAGCAAGCGAGT-1,1
TNBC5_CCCTTAGGTCGACTTA-1,2
TNBC5_CCCTTAGTCGCGTGAC-1,5
TNBC5_CCGAACGAGTACAACA-1,2
TNBC5_CCGAACGCAGCAGATG-1,2
TNBC5_CCGAACGCATCCGGTG-1,5
TNBC5_CCGAACGGTTAGCTAC-1,4
TNBC5_CCGATCTCAACACAAA-1,1
TNBC5_CCGATCTGTCTGGTTA-1,5
TNBC5_CCGATGGAGCCATTTG-1,5
TNBC5_CCGCAAGTCGTCAACA-1,2
TNBC5_CCGCAAGTCTCCGTGT-1,2
TNBC5_CCGCAAGTCTTCCTAA-1,1
TNBC5_CCGGACAAGTCCGCCA-1,6
TNBC5_CCGGACAAGTGCTCGC-1,1
TNBC5_CCGGACACAACTACGT-1,1
TNBC5_CCGGACAGTCTAATCG-1,4
TNBC5_CCGGACAGTTAGGGTG-1,1
TNBC5_CCGGACATCAGGACAG-1,5
TNBC5_CCGGACATCCTCGCAT-1,6
TNBC5_CCGGGTAAGCTGCGAA-1,5
TNBC5_CCGGGTACATGGGTCC-1,1
TNBC5_CCGGGTAGTCGCCTAG-1,2
TNBC5_CCGGGTAGTGTGCCTG-1,1
TNBC5_CCGGGTATCCATACTT-1,4
TNBC5_CCGGTAGAGTGCTCAT-1,4
TNBC5_CCGGTAGCAAGAAATC-1,2
TNBC5_CCGGTAGCACACCAGC-1,6
TNBC5_CCGGTGAAGTGTCATC-1,2
TNBC5_CCGGTGAGTACCTTCC-1,5
TNBC5_CCGTAGGAGGAACTAT-1,6
TNBC5_CCGTAGGAGGACAACC-1,1
TNBC5_CCGTAGGAGGCGTTGA-1,6
TNBC5_CCGTGAGAGAGGCTGT-1,5
TNBC5_CCGTGAGAGGAAGAAC-1,2
TNBC5_CCGTGAGCAGTAGTGG-1,1
TNBC5_CCGTGAGGTCTCTCCA-1,4
TNBC5_CCGTGAGGTCTGTTAG-1,5
TNBC5_CCGTGAGGTGATACAA-1,1
TNBC5_CCGTTCAAGGCCTAGA-1,4
TNBC5_CCGTTCACAACTCGTA-1,4
TNBC5_CCGTTCACAGAAACCG-1,1
TNBC5_CCTAACCAGCTCAGAG-1,1
TNBC5_CCTAACCAGGACAACC-1,1
TNBC5_CCTAACCCAGCCGGTT-1,5
TNBC5_CCTAACCCAGTCTCTC-1,5
TNBC5_CCTAACCCATACAGAA-1,1
TNBC5_CCTAACCGTAACATAG-1,5
TNBC5_CCTAACCGTTTGTGGT-1,4
TNBC5_CCTAACCTCAGGAGAC-1,1
TNBC5_CCTAACCTCATTCTTG-1,2
TNBC5_CCTAACCTCGTCGGGT-1,3
TNBC5_CCTACGTAGCGTTACT-1,1
TNBC5_CCTACGTCAAGGCTTT-1,1
TNBC5_CCTACGTGTACTTCCC-1,2
TNBC5_CCTACGTGTGCGGATA-1,1
TNBC5_CCTATCGAGATCCCAT-1,4
TNBC5_CCTCAACAGGTTACCT-1,1
TNBC5_CCTCAACCACTGCGAC-1,2
TNBC5_CCTCAACGTGCTGTCG-1,6
TNBC5_CCTCACAAGACCTTTG-1,1
TNBC5_CCTCACAAGTAGTGCG-1,1
TNBC5_CCTCACACAATGACCT-1,2
TNBC5_CCTCACACAGGTCAAG-1,2
TNBC5_CCTCAGTGTCAAGCGA-1,4
TNBC5_CCTCAGTGTTGTCATG-1,5
TNBC5_CCTCAGTTCGACCCAG-1,6
TNBC5_CCTCAGTTCGATTTCT-1,1
TNBC5_CCTCAGTTCGGATACT-1,1
TNBC5_CCTCATGAGCCATATC-1,2
TNBC5_CCTCATGAGGTAGACC-1,1
TNBC5_CCTCATGCAGAAACCG-1,1
TNBC5_CCTCATGTCACTGTTT-1,6
TNBC5_CCTCATGTCTGCGATA-1,2
TNBC5_CCTCCAATCTGTCAGA-1,1
TNBC5_CCTCCTCAGCTGTCCG-1,2
TNBC5_CCTCCTCCAGAACTAA-1,6
TNBC5_CCTCCTCGTAGACAGC-1,6
TNBC5_CCTCCTCGTCCGAAAG-1,6
TNBC5_CCTCCTCTCGCGTTTC-1,1
TNBC5_CCTCTAGAGTAAATGC-1,1
TNBC5_CCTCTAGCAAACGAGC-1,2
TNBC5_CCTCTAGGTTTGAAAG-1,1
TNBC5_CCTCTAGTCCTAAGTG-1,2
TNBC5_CCTCTCCCAGCGATTT-1,5
TNBC5_CCTCTCCGTCATGACT-1,2
TNBC5_CCTCTCCTCAGCATTG-1,4
TNBC5_CCTCTCCTCTGTCCGT-1,1
TNBC5_CCTGCATAGACTCTTG-1,1
TNBC5_CCTGCATAGCATATGA-1,1
TNBC5_CCTGCATCACGTCTCT-1,2
TNBC5_CCTGCATGTACACGTT-1,1
TNBC5_CCTGCATTCACTTTGT-1,2
TNBC5_CCTGTTGCAAGCGATG-1,5
TNBC5_CCTGTTGCACTCCACT-1,4
TNBC5_CCTGTTGCAGGGATAC-1,1
TNBC5_CCTGTTGTCCACGTCT-1,4
TNBC5_CCTTCAGAGTAGACAT-1,4
TNBC5_CCTTCAGCACGCGCTA-1,6
TNBC5_CCTTCAGCATTACTCT-1,2
TNBC5_CCTTCAGTCCAAGCTA-1,4
TNBC5_CCTTGTGCACCTTCGT-1,1
TNBC5_CCTTGTGGTAATTGGA-1,3
TNBC5_CCTTGTGGTGACACGA-1,1
TNBC5_CCTTGTGGTTGGGACA-1,2
TNBC5_CCTTTGGAGCTTACGT-1,5
TNBC5_CCTTTGGAGGAGAGTA-1,2
TNBC5_CCTTTGGGTGTGTGTT-1,1
TNBC5_CCTTTGGTCCACGTAA-1,4
TNBC5_CCTTTGGTCCTGGTCT-1,1
TNBC5_CCTTTGGTCGTCCTTG-1,2
TNBC5_CGAAGGACAGCTACTA-1,4
TNBC5_CGAAGGACAGGTTCAT-1,4
TNBC5_CGAAGGATCCGAACGC-1,4
TNBC5_CGAAGGATCCGACAGC-1,6
TNBC5_CGAAGGATCTCAATCT-1,5
TNBC5_CGAAGTTAGCATGATA-1,1
TNBC5_CGAAGTTCAAAGACGC-1,4
TNBC5_CGAAGTTCACCCAATA-1,2
TNBC5_CGAAGTTGTATTGGCT-1,1
TNBC5_CGAAGTTTCTCCGAAA-1,1
TNBC5_CGAATTGCACGCGGTT-1,3
TNBC5_CGAATTGGTAGCTCGC-1,1
TNBC5_CGACAGCCAACGACAG-1,4
TNBC5_CGACAGCCAATCTGCA-1,2
TNBC5_CGACAGCCATACCAGT-1,2
TNBC5_CGACAGCTCATCTACT-1,1
TNBC5_CGACAGCTCCTTATAC-1,5
TNBC5_CGAGAAGAGAAGTCCG-1,1
TNBC5_CGAGAAGAGGAACGAA-1,5
TNBC5_CGAGAAGCAGAGATTA-1,3
TNBC5_CGAGAAGCATAACCCA-1,5
TNBC5_CGAGAAGGTAACAAGT-1,6
TNBC5_CGAGAAGTCAGGAACG-1,3
TNBC5_CGAGGAACAACACTAC-1,5
TNBC5_CGAGGAACACTGAGGA-1,4
TNBC5_CGAGGAAGTGTTACTG-1,1
TNBC5_CGAGGCTGTAACTGCT-1,1
TNBC5_CGAGGCTGTGGGTTGA-1,1
TNBC5_CGAGGCTTCACGACTA-1,2
TNBC5_CGAGGCTTCTTAGCTT-1,1
TNBC5_CGAGTGCCAGCAGATG-1,2
TNBC5_CGAGTGCGTACGTAGG-1,1
TNBC5_CGAGTTAGTTCGATTG-1,4
TNBC5_CGAGTTATCGGAGCAA-1,3
TNBC5_CGAGTTATCTGTCAGA-1,4
TNBC5_CGATCGGAGGCACCAA-1,1
TNBC5_CGATCGGCAAACCATC-1,6
TNBC5_CGATCGGGTACCCAGC-1,6
TNBC5_CGATGCGCAGCCGGTT-1,1
TNBC5_CGATGCGCAGTGTACT-1,2
TNBC5_CGATGCGTCCGTGTGG-1,1
TNBC5_CGATGGCCACTCCTTG-1,4
TNBC5_CGCAGGTGTAAGAACT-1,4
TNBC5_CGCAGGTTCAAAGCCT-1,5
TNBC5_CGCAGGTTCGTAGTGT-1,2
TNBC5_CGCAGGTTCTGATGGT-1,2
TNBC5_CGCATAAAGTAGGAAG-1,3
TNBC5_CGCATAACATTCATCT-1,5
TNBC5_CGCATAAGTTGTTGAC-1,1
TNBC5_CGCATAAGTTTAAGGA-1,5
TNBC5_CGCATAATCCGATCGG-1,2
TNBC5_CGCATGGTCAGTGGGA-1,1
TNBC5_CGCCAGAAGACCCTTA-1,1
TNBC5_CGCCAGAAGTTTCTTC-1,2
TNBC5_CGCCAGACAACGCATT-1,6
TNBC5_CGCCAGACACTTTAGG-1,2
TNBC5_CGCCAGATCATCTCTA-1,2
TNBC5_CGCCATTGTGTCTTCC-1,4
TNBC5_CGCCATTTCGGCATCG-1,6
TNBC5_CGCCATTTCTCCGTGT-1,1
TNBC5_CGCGTGAAGTGATCGG-1,1
TNBC5_CGCGTGACACTAACCA-1,1
TNBC5_CGCGTGAGTATGCTTG-1,1
TNBC5_CGCGTGAGTTCTCTAT-1,5
TNBC5_CGGAACCAGATCGCCC-1,6
TNBC5_CGGAACCTCTGGGAGA-1,1
TNBC5_CGGAATTAGGTTACCT-1,2
TNBC5_CGGAATTGTATCCTTT-1,1
TNBC5_CGGAATTGTGCGGTAA-1,1
TNBC5_CGGAATTTCAATCGGT-1,6
TNBC5_CGGAATTTCGGTGCAC-1,1
TNBC5_CGGACACAGGGCCTCT-1,2
TNBC5_CGGACACTCGAGATAA-1,6
TNBC5_CGGAGAAGTAGCGTTT-1,1
TNBC5_CGGAGAATCGGTCAGC-1,5
TNBC5_CGGAGAATCTTAATCC-1,2
TNBC5_CGGAGAATCTTGATTC-1,5
TNBC5_CGGCAGTAGGACACTG-1,1
TNBC5_CGGCAGTAGGTGAGAA-1,2
TNBC5_CGGCAGTCAAACGAGC-1,5
TNBC5_CGGCAGTCAAGCCCAC-1,1
TNBC5_CGGCAGTCACGAGAAC-1,2
TNBC5_CGGCAGTCATGACCCG-1,5
TNBC5_CGGCAGTGTCTGTCCT-1,5
TNBC5_CGGGACTTCTCTTGCG-1,2
TNBC5_CGGGCATAGCGACATG-1,5
TNBC5_CGGGCATCAGATCACT-1,5
TNBC5_CGGGCATCATGTGGTT-1,1
TNBC5_CGGGTCAGTACGTGTT-1,3
TNBC5_CGGGTCATCCTATTGT-1,1
TNBC5_CGGGTGTAGACCAAGC-1,2
TNBC5_CGGGTGTAGAGATCGC-1,1
TNBC5_CGGGTGTAGTTGTCGT-1,3
TNBC5_CGGGTGTCAAAGGCTG-1,4
TNBC5_CGGGTGTGTACTCCGG-1,1
TNBC5_CGGGTGTGTGAGATAT-1,1
TNBC5_CGGGTGTTCCTCACCA-1,1
TNBC5_CGGGTGTTCTATGCCC-1,5
TNBC5_CGTAAGTAGACTCGAG-1,5
TNBC5_CGTAAGTCACTGAATC-1,4
TNBC5_CGTAAGTGTAGAATAC-1,1
TNBC5_CGTAAGTGTTCTCCTG-1,6
TNBC5_CGTAATGAGAAGTGTT-1,2
TNBC5_CGTAATGAGGAAGTCC-1,2
TNBC5_CGTAATGCAACCGACC-1,2
TNBC5_CGTAATGCAGGATCTT-1,1
TNBC5_CGTAATGGTCAACATC-1,1
TNBC5_CGTAATGTCAGACTGT-1,1
TNBC5_CGTAATGTCATGAGGG-1,1
TNBC5_CGTAATGTCCGTGCGA-1,6
TNBC5_CGTAGTAAGCTATCCA-1,1
TNBC5_CGTAGTAAGTCCTACA-1,2
TNBC5_CGTAGTAGTCCTTAAG-1,4
TNBC5_CGTAGTAGTGGATTTC-1,2
TNBC5_CGTAGTATCGTCTAAG-1,1
TNBC5_CGTCAAAAGCGCTGAA-1,1
TNBC5_CGTCCATAGCGAGTAC-1,5
TNBC5_CGTCCATAGGCTTAGG-1,4
TNBC5_CGTCCATGTCATTCCC-1,2
TNBC5_CGTGATACATGATCTG-1,5
TNBC5_CGTGCTTGTCCTTAAG-1,4
TNBC5_CGTGCTTGTTATCTGG-1,5
TNBC5_CGTGCTTTCCGACAGC-1,6
TNBC5_CGTGTCTAGCCAAGGT-1,2
TNBC5_CGTGTCTTCTTGGAAC-1,5
TNBC5_CGTTAGAAGGAGCTGT-1,2
TNBC5_CGTTAGACAGATAAAC-1,1
TNBC5_CGTTAGAGTCATCTAG-1,6
TNBC5_CGTTAGATCATAGAGA-1,1
TNBC5_CGTTAGATCCTTGAAG-1,1
TNBC5_CGTTAGATCTCGTTTA-1,1
TNBC5_CGTTCTGAGTCCTGCG-1,1
TNBC5_CGTTCTGTCCGAGGCT-1,6
TNBC5_CGTTCTGTCTGGGCGT-1,2
TNBC5_CGTTGGGCAAACGGCA-1,5
TNBC5_CGTTGGGCAGATCATC-1,4
TNBC5_CGTTGGGGTCAAAGCG-1,3
TNBC5_CGTTGGGTCTATGTGG-1,2
TNBC5_CTAACCCGTCTCGACG-1,2
TNBC5_CTAACCCTCCGGGACT-1,6
TNBC5_CTAACCCTCGAGCCAC-1,1
TNBC5_CTAACTTCAAATAAGC-1,6
TNBC5_CTAACTTGTAGACTGG-1,5
TNBC5_CTAACTTTCACCGCTT-1,2
TNBC5_CTAACTTTCAGAGTGG-1,1
TNBC5_CTAAGTGAGAACCCGA-1,2
TNBC5_CTAAGTGAGGAGACCT-1,5
TNBC5_CTAAGTGCAGACAATA-1,4
TNBC5_CTAAGTGGTACCCAGC-1,5
TNBC5_CTAAGTGGTACGCTTA-1,3
TNBC5_CTAAGTGGTTGCCAAT-1,1
TNBC5_CTAAGTGTCATTATCC-1,2
TNBC5_CTACAGAGTATAATGG-1,4
TNBC5_CTACAGAGTGTGTACT-1,2
TNBC5_CTACAGAGTTTCGATG-1,5
TNBC5_CTACAGATCTAGACAC-1,2
TNBC5_CTACATTAGGCTTAAA-1,1
TNBC5_CTACATTCAAATCAGA-1,4
TNBC5_CTACATTCAAATGCTC-1,5
TNBC5_CTACATTGTTATCTTC-1,2
TNBC5_CTACCCAAGGTCGTAG-1,3
TNBC5_CTACCCACAACGTTAC-1,4
TNBC5_CTACCCACAGGGTCTC-1,1
TNBC5_CTACCCACATTCTCCG-1,1
TNBC5_CTACGGGAGCCATTGT-1,1
TNBC5_CTACGGGAGGTTGGAC-1,6
TNBC5_CTACGGGCAACAACAA-1,1
TNBC5_CTACGGGCAGGTGTTT-1,1
TNBC5_CTACGGGGTATGAGGC-1,4
TNBC5_CTACGGGGTCGAAGCA-1,6
TNBC5_CTACGGGTCAGGACAG-1,1
TNBC5_CTACTATAGATGGCGT-1,1
TNBC5_CTACTATCAAGCGGAT-1,4
TNBC5_CTACTATCAGGGATAC-1,3
TNBC5_CTACTATGTGTTTCTT-1,1
TNBC5_CTACTATGTTCGGCGT-1,1
TNBC5_CTACTATTCCGAGAAG-1,6
TNBC5_CTAGACACAGGTGTTT-1,1
TNBC5_CTAGACAGTTCTCAGA-1,4
TNBC5_CTAGGTAAGAACGCGT-1,6
TNBC5_CTAGGTAAGCTGAGCA-1,1
TNBC5_CTAGGTATCTTGGGCG-1,2
TNBC5_CTATAGGGTGACGCCT-1,1
TNBC5_CTATAGGGTTGGCTAT-1,5
TNBC5_CTATAGGTCAACCGAT-1,2
TNBC5_CTATAGGTCGCACTCT-1,6
TNBC5_CTATAGGTCTCTCTTC-1,1
TNBC5_CTATCCGTCTCGTTTA-1,5
TNBC5_CTATCTAAGCGCCTCA-1,4
TNBC5_CTATCTAGTGCTGTCG-1,1
TNBC5_CTATCTAGTTGATGTC-1,1
TNBC5_CTATCTATCACTACTT-1,1
TNBC5_CTATCTATCTTGGGCG-1,6
TNBC5_CTCAACCAGAGGCGTT-1,2
TNBC5_CTCAACCAGCTGGCTC-1,1
TNBC5_CTCAACCCAAACACGG-1,2
TNBC5_CTCAACCCACTCTCGT-1,1
TNBC5_CTCAACCGTCATTCCC-1,2
TNBC5_CTCAAGAAGAAGCCTG-1,1
TNBC5_CTCAAGACACCCTGAG-1,2
TNBC5_CTCAAGAGTATTTCGG-1,5
TNBC5_CTCAAGATCTCTGGTC-1,6
TNBC5_CTCAATTAGGCGAACT-1,1
TNBC5_CTCAATTCACGCTGCA-1,6
TNBC5_CTCAATTGTATCCTCC-1,1
TNBC5_CTCAATTTCAGGAGAC-1,1
TNBC5_CTCACTGAGTATGAGT-1,1
TNBC5_CTCACTGGTCAGATTC-1,2
TNBC5_CTCACTGTCCACACAA-1,6
TNBC5_CTCACTGTCTTAGCAG-1,6
TNBC5_CTCACTGTCTTCCAGC-1,2
TNBC5_CTCAGAAAGATTAGTG-1,1
TNBC5_CTCAGAACAATGAACA-1,5
TNBC5_CTCAGAACATACTTTC-1,2
TNBC5_CTCAGAATCCACTAGA-1,6
TNBC5_CTCAGGGGTAGACGGT-1,2
TNBC5_CTCAGGGTCTGAGAAA-1,4
TNBC5_CTCAGGGTCTTAGGAC-1,2
TNBC5_CTCATCGCAGGCCCTA-1,1
TNBC5_CTCATCGCATGTGCCG-1,1
TNBC5_CTCATCGGTCCTTAAG-1,3
TNBC5_CTCATGCCACTAAACC-1,6
TNBC5_CTCATGCTCGCAATTG-1,3
TNBC5_CTCATTAAGACTACCT-1,5
TNBC5_CTCATTACAGACCAGA-1,1
TNBC5_CTCATTAGTAAGATCA-1,2
TNBC5_CTCATTAGTATACCCA-1,5
TNBC5_CTCATTAGTTACCTGA-1,2
TNBC5_CTCATTATCACCTACC-1,2
TNBC5_CTCATTATCCAACCGG-1,2
TNBC5_CTCCAACCAGAGAGGG-1,1
TNBC5_CTCCAACCATTGTACG-1,2
TNBC5_CTCCAACGTACCACGC-1,4
TNBC5_CTCCAACTCGACATTG-1,5
TNBC5_CTCCAACTCTTCGTGC-1,1
TNBC5_CTCCACAAGCGAATGC-1,4
TNBC5_CTCCACACATAGGCGA-1,2
TNBC5_CTCCACATCACATTGG-1,1
TNBC5_CTCCATGCAAATCCCA-1,1
TNBC5_CTCCATGCAATCGCGC-1,2
TNBC5_CTCCATGCAGCTGGTC-1,6
TNBC5_CTCCCAAAGACTACGG-1,2
TNBC5_CTCCCAAAGCAGGCTA-1,1
TNBC5_CTCCCAAAGCGTGTCC-1,6
TNBC5_CTCCCAACACAAGCTT-1,1
TNBC5_CTCCCAACAGCACGAA-1,2
TNBC5_CTCCCAACAGCAGTGA-1,5
TNBC5_CTCCCAACATCGAACT-1,4
TNBC5_CTCCCAACATGAATCC-1,1
TNBC5_CTCCCTCGTATACAGA-1,4
TNBC5_CTCCCTCTCTGAGGTT-1,1
TNBC5_CTCCGATCAACTGTGT-1,1
TNBC5_CTCCGATCATGGCCCA-1,2
TNBC5_CTCCGATCATTCAGCA-1,1
TNBC5_CTCCGATGTTGCTCCT-1,5
TNBC5_CTCCGATTCTACGGGC-1,6
TNBC5_CTCCGATTCTGCGATA-1,5
TNBC5_CTCCTCCCAAGAATAC-1,1
TNBC5_CTCCTCCCACAATTCG-1,2
TNBC5_CTCCTCCTCGCGTAGC-1,2
TNBC5_CTCCTTTCAGAGGAAA-1,1
TNBC5_CTCCTTTTCGTGGAAG-1,4
TNBC5_CTCGAGGAGTAAATGC-1,5
TNBC5_CTCGAGGCAAGCGCAA-1,1
TNBC5_CTCGAGGGTGGATCGA-1,1
TNBC5_CTCGAGGTCCCAAGTA-1,2
TNBC5_CTCTCAGAGGCTATCT-1,1
TNBC5_CTCTCAGCAAAGCACG-1,1
TNBC5_CTCTCAGCAGATTTCG-1,1
TNBC5_CTCTCAGGTACCTTCC-1,2
TNBC5_CTCTCAGTCATTCACT-1,6
TNBC5_CTCTCGAAGCTAGAGC-1,1
TNBC5_CTCTCGACACGAAGAC-1,6
TNBC5_CTCTCGACACTCCCTA-1,6
TNBC5_CTCTCGAGTACCAGAG-1,2
TNBC5_CTCTCGATCATACAGC-1,1
TNBC5_CTCTGGTCAAGTTGGG-1,4
TNBC5_CTCTGGTGTGAGCTCC-1,5
TNBC5_CTCTGGTTCGGTAACT-1,1
TNBC5_CTGAATGAGAGCCCAA-1,6
TNBC5_CTGAATGAGTTGAAAC-1,1
TNBC5_CTGAATGCACAGTATC-1,1
TNBC5_CTGAATGCAGGGAATC-1,2
TNBC5_CTGAATGCATCGAGCC-1,2
TNBC5_CTGAATGGTCAAGTTC-1,4
TNBC5_CTGAGCGAGAGCTGAC-1,3
TNBC5_CTGAGCGAGTGGTCAG-1,2
TNBC5_CTGAGCGCAAGGCGTA-1,6
TNBC5_CTGAGCGCAGGTTACT-1,1
TNBC5_CTGAGGCAGGATTTAG-1,1
TNBC5_CTGATCCAGCTCCACG-1,1
TNBC5_CTGATCCAGGGAGGCA-1,3
TNBC5_CTGATCCCAAGAAACT-1,1
TNBC5_CTGATCCCAGTTCCAA-1,2
TNBC5_CTGATCCGTCAGTTTG-1,6
TNBC5_CTGATCCTCAAAGGTA-1,5
TNBC5_CTGATCCTCTCCGAGG-1,4
TNBC5_CTGCAGGGTATACCTG-1,1
TNBC5_CTGCATCAGAGCATAT-1,1
TNBC5_CTGCATCTCATGCCAA-1,4
TNBC5_CTGCCATAGAGCCATG-1,2
TNBC5_CTGCCTAAGCGTATAA-1,1
TNBC5_CTGCCTAGTGTTACTG-1,5
TNBC5_CTGCCTATCAAGCCGC-1,3
TNBC5_CTGCGAGAGAATCTAG-1,1
TNBC5_CTGCGAGCAGACCAAG-1,6
TNBC5_CTGCGAGGTGTGAGCA-1,3
TNBC5_CTGCGAGGTTGTGGCC-1,3
TNBC5_CTGCGAGTCCAACTAG-1,6
TNBC5_CTGCGAGTCGAAGGAC-1,5
TNBC5_CTGCTCAAGCACTAGG-1,1
TNBC5_CTGCTCAGTATCGAGG-1,3
TNBC5_CTGCTCAGTTCTTGCC-1,5
TNBC5_CTGGACGCACACAGCC-1,1
TNBC5_CTGGCAGAGGAACTAT-1,1
TNBC5_CTGGCAGAGGGTCTTT-1,3
TNBC5_CTGGCAGCATCCGGCA-1,5
TNBC5_CTGGCAGTCGGATAAA-1,1
TNBC5_CTGGTCTAGGCTGGAT-1,5
TNBC5_CTGGTCTAGTGCAGCA-1,2
TNBC5_CTGGTCTGTACAGGTG-1,5
TNBC5_CTGTACCAGCTCTGTA-1,1
TNBC5_CTGTACCAGTGATTCC-1,1
TNBC5_CTGTACCCAACACACT-1,1
TNBC5_CTGTACCCAGGACTTT-1,2
TNBC5_CTGTACCGTATACCCA-1,4
TNBC5_CTGTACCGTCGTAATC-1,2
TNBC5_CTGTACCTCGATGCTA-1,5
TNBC5_CTGTACCTCTAACGCA-1,4
TNBC5_CTGTAGAAGACATATG-1,2
TNBC5_CTGTAGAAGCTAATGA-1,2
TNBC5_CTGTAGATCACACCCT-1,1
TNBC5_CTGTATTGTCCTTTGC-1,3
TNBC5_CTGTCGTAGAAACTGT-1,4
TNBC5_CTGTCGTAGAAGTCCG-1,1
TNBC5_CTGTCGTCACTACAGT-1,4
TNBC5_CTGTCGTTCAACACCA-1,1
TNBC5_CTGTCGTTCACCTTAT-1,2
TNBC5_CTGTCGTTCGGCTATA-1,1
TNBC5_CTGTGAAGTAGTATAG-1,1
TNBC5_CTGTGAATCAAAGCCT-1,2
TNBC5_CTGTGGGCAGCGAGTA-1,4
TNBC5_CTGTGGGGTATGAGCG-1,5
TNBC5_CTTACCGAGACTTAAG-1,5
TNBC5_CTTACCGAGGGACACT-1,1
TNBC5_CTTACCGAGTCGCCAC-1,1
TNBC5_CTTACCGCACACACTA-1,4
TNBC5_CTTAGGAAGACCTGGA-1,1
TNBC5_CTTAGGAAGACGACGT-1,2
TNBC5_CTTAGGACATCGTCCT-1,5
TNBC5_CTTAGGAGTCATGGCC-1,2
TNBC5_CTTAGGATCAACACGT-1,5
TNBC5_CTTAGGATCTCATTAC-1,5
TNBC5_CTTCAATAGAACCGCA-1,4
TNBC5_CTTCAATGTGAAAGTT-1,2
TNBC5_CTTCAATGTGGGTTGA-1,4
TNBC5_CTTCAATTCAAATAGG-1,1
TNBC5_CTTCAATTCTTCGGAA-1,6
TNBC5_CTTCCGAAGGTCGTAG-1,6
TNBC5_CTTCCGACAATAGTGA-1,5
TNBC5_CTTCCGAGTGTTAAAG-1,1
TNBC5_CTTCCGATCCTCGCAT-1,2
TNBC5_CTTCCTTAGCCGGATA-1,1
TNBC5_CTTCCTTCACGTAACT-1,1
TNBC5_CTTCCTTCAGCTCATA-1,2
TNBC5_CTTCCTTTCTGCAGCG-1,2
TNBC5_CTTCGGTAGACCATTC-1,2
TNBC5_CTTCGGTAGTCTGCGC-1,6
TNBC5_CTTCGGTCAGACAATA-1,1
TNBC5_CTTCTAAGTCGATGCC-1,4
TNBC5_CTTCTCTAGCTGGCCT-1,4
TNBC5_CTTCTCTAGTATAGAC-1,4
TNBC5_CTTGAGAAGAATCGCG-1,1
TNBC5_CTTGAGAAGCCTCACG-1,5
TNBC5_CTTGAGACAAAGCTAA-1,1
TNBC5_CTTGAGACAGTGGGTA-1,6
TNBC5_CTTGAGATCAGGTAAA-1,4
TNBC5_CTTGATTCAGGTCCGT-1,4
TNBC5_CTTGATTGTATCGGTT-1,1
TNBC5_CTTGATTGTCCGATCG-1,5
TNBC5_CTTTCAAAGACCAAAT-1,2
TNBC5_CTTTCAACAGAACTCT-1,4
TNBC5_CTTTCAACATGCTGCG-1,1
TNBC5_CTTTCAAGTGTCGCTG-1,5
TNBC5_CTTTCGGGTGTACAGG-1,1
TNBC5_CTTTCGGTCATTTGGG-1,5
TNBC5_CTTTCGGTCCAACCAA-1,2
TNBC5_GAAACCTAGGTTAAAC-1,1
TNBC5_GAAACCTGTAGTAAGT-1,1
TNBC5_GAAACCTGTGGCTGAA-1,5
TNBC5_GAAACCTTCGCCACTT-1,1
TNBC5_GAAATGAAGAGTACCG-1,1
TNBC5_GAAATGAAGCGTATGG-1,1
TNBC5_GAAATGACAAGCTGCC-1,1
TNBC5_GAAATGACACACCGAC-1,2
TNBC5_GAAATGACACCGGAAA-1,1
TNBC5_GAAATGAGTAGACACG-1,2
TNBC5_GAACACTCAGCACCCA-1,2
TNBC5_GAACACTGTCCTGTTC-1,2
TNBC5_GAACACTTCCGAGTGC-1,1
TNBC5_GAACACTTCTCCATAT-1,1
TNBC5_GAACGTTAGAGAGCCT-1,1
TNBC5_GAACGTTAGCTGAAGC-1,5
TNBC5_GAACGTTAGTACAACA-1,5
TNBC5_GAACGTTCATGTGCCG-1,3
TNBC5_GAACGTTGTCATGGCC-1,2
TNBC5_GAACGTTGTTTGTGGT-1,4
TNBC5_GAACGTTTCGCCCAGA-1,1
TNBC5_GAACGTTTCTTCCCAG-1,1
TNBC5_GAACTGTCAGAAGTGC-1,6
TNBC5_GAACTGTTCACCGGTG-1,6
TNBC5_GAACTGTTCATTGTGG-1,3
TNBC5_GAACTGTTCTGAGAGG-1,2
TNBC5_GAAGAATAGCAAGTCG-1,1
TNBC5_GAAGAATGTGTCCTAA-1,1
TNBC5_GAAGCCCAGATGTTGA-1,2
TNBC5_GAAGCCCAGGCATCTT-1,4
TNBC5_GAAGCCCCAACACTAC-1,1
TNBC5_GAAGCCCCAAGCGATG-1,1
TNBC5_GAAGCGAAGCCTTTGA-1,2
TNBC5_GAAGCGAAGTTCTACG-1,3
TNBC5_GAAGCGACATCGATGT-1,6
TNBC5_GAAGCGAGTCGGCACT-1,1
TNBC5_GAAGCGAGTTCCGCGA-1,1
TNBC5_GAAGGACGTAGCGTCC-1,2
TNBC5_GAAGGACGTTGCATTG-1,1
TNBC5_GAAGGACTCGTAACAC-1,3
TNBC5_GAAGGGTGTTTCGTGA-1,3
TNBC5_GAAGTAAAGTTACTCG-1,2
TNBC5_GAAGTAAAGTTGGAAT-1,1
TNBC5_GAAGTAACAGACCATT-1,1
TNBC5_GAAGTAAGTGGTACAG-1,1
TNBC5_GAATAGAGTAGCGTAG-1,6
TNBC5_GAATAGAGTCTGCAAT-1,2
TNBC5_GAATCACGTCAAGGCA-1,2
TNBC5_GAATCACGTCTACTGA-1,6
TNBC5_GAATCGTCAACAAGTA-1,2
TNBC5_GAATCGTCAGGTGACA-1,4
TNBC5_GAATCGTGTGCAGTGA-1,5
TNBC5_GAATCGTGTGCCTTTC-1,1
TNBC5_GAATCGTTCCTAAACG-1,1
TNBC5_GAATCGTTCTCTTAAC-1,1
TNBC5_GACACGCAGGTGCTTT-1,1
TNBC5_GACAGCCCAACGTAAA-1,1
TNBC5_GACAGCCTCGACCAAT-1,4
TNBC5_GACATCAAGCAAATCA-1,4
TNBC5_GACATCACACGCGTGT-1,2
TNBC5_GACATCACACTTTAGG-1,3
TNBC5_GACATCACATATCTCT-1,6
TNBC5_GACATCAGTGGTCCGT-1,6
TNBC5_GACATCATCCTATTTG-1,1
TNBC5_GACCAATAGGTTGAGC-1,1
TNBC5_GACCAATTCCAAATGC-1,1
TNBC5_GACCCAGGTTTACGAC-1,6
TNBC5_GACCCTTAGGTCGAGT-1,1
TNBC5_GACCCTTCAAGCGCTC-1,1
TNBC5_GACCCTTCAATTCTTC-1,2
TNBC5_GACCCTTCAGTCTGGC-1,4
TNBC5_GACCCTTGTAAGGCCA-1,2
TNBC5_GACCCTTGTTACGTAC-1,3
TNBC5_GACCGTGAGCGCGTTC-1,4
TNBC5_GACCGTGGTACCGCGT-1,4
TNBC5_GACCGTGGTTATGTGC-1,1
TNBC5_GACCGTGTCCATATGG-1,6
TNBC5_GACCGTGTCTCAGAAC-1,6
TNBC5_GACCTTCCAGGTTTAC-1,6
TNBC5_GACCTTCCATAGATGA-1,2
TNBC5_GACCTTCTCTGGGAGA-1,2
TNBC5_GACGCTGAGCCTCACG-1,2
TNBC5_GACGCTGCAAATTAGG-1,6
TNBC5_GACGCTGCAGCACCCA-1,1
TNBC5_GACGCTGGTAGAATGT-1,1
TNBC5_GACGCTGGTGGGTTGA-1,3
TNBC5_GACGCTGGTTCTCCCA-1,2
TNBC5_GACGCTGTCGTAGTCA-1,6
TNBC5_GACGTTAAGATCCGAG-1,1
TNBC5_GACGTTACAGAGGAAA-1,1
TNBC5_GACGTTACATGTAACC-1,5
TNBC5_GACGTTATCGAACGCC-1,2
TNBC5_GACTATGAGCATTGTC-1,2
TNBC5_GACTATGAGGTTCACT-1,1
TNBC5_GACTATGTCGAGTCTA-1,1
TNBC5_GACTATGTCGTTGCCT-1,1
TNBC5_GACTCAACAAGATCCT-1,6
TNBC5_GACTCAAGTTTAGTCG-1,5
TNBC5_GACTCAATCATCACTT-1,5
TNBC5_GACTCTCAGAACTGAT-1,1
TNBC5_GACTCTCAGCAGGGAG-1,1
TNBC5_GACTCTCAGTAAACAC-1,3
TNBC5_GACTCTCCACTGTGAT-1,1
TNBC5_GACTCTCTCCATTTCA-1,5
TNBC5_GACTGATAGGGCTTCC-1,1
TNBC5_GACTGATAGGGTCAAC-1,3
TNBC5_GACTGATAGTACAGCG-1,2
TNBC5_GACTGATCATGCCGGT-1,4
TNBC5_GACTGATTCAGGACGA-1,1
TNBC5_GACTTCCAGCACGATG-1,1
TNBC5_GACTTCCAGCCGTCGT-1,5
TNBC5_GACTTCCTCGGTTCAA-1,2
TNBC5_GACTTCCTCGTTAGTG-1,1
TNBC5_GAGAAATCATTCAGCA-1,1
TNBC5_GAGAAATGTATGCTAC-1,1
TNBC5_GAGAAATGTGCGGTAA-1,1
TNBC5_GAGAAATGTGGTCCGT-1,6
TNBC5_GAGACCCAGAGCAAGA-1,4
TNBC5_GAGACCCAGCCGTTAT-1,1
TNBC5_GAGACCCTCCGAGATT-1,2
TNBC5_GAGACTTCAAATGATG-1,3
TNBC5_GAGACTTCAGCGTTGC-1,1
TNBC5_GAGACTTCATTGACTG-1,6
TNBC5_GAGACTTGTTCGATTG-1,2
TNBC5_GAGACTTTCCTCACTG-1,2
TNBC5_GAGAGGTAGCGAATGC-1,2
TNBC5_GAGAGGTAGGACGCTA-1,4
TNBC5_GAGAGGTCAATTTCCT-1,1
TNBC5_GAGAGGTGTAGGAGGG-1,4
TNBC5_GAGAGGTGTTGAAGTA-1,1
TNBC5_GAGAGGTTCATTGAGC-1,6
TNBC5_GAGAGGTTCTCCATAT-1,1
TNBC5_GAGCCTGAGGGCATGT-1,5
TNBC5_GAGCCTGCAAGTTTGC-1,1
TNBC5_GAGCCTGCATCATTTC-1,3
TNBC5_GAGCCTGTCAATCGGT-1,1
TNBC5_GAGCCTGTCCCTCGTA-1,1
TNBC5_GAGCTGCAGCACCTGC-1,5
TNBC5_GAGCTGCAGCATCAGG-1,2
TNBC5_GAGCTGCCAAGCTACT-1,1
TNBC5_GAGCTGCGTAGATGTA-1,2
TNBC5_GAGCTGCTCCACAGCG-1,6
TNBC5_GAGGCAACAACACACT-1,5
TNBC5_GAGGCAACAAGGACAC-1,4
TNBC5_GAGGCAAGTTAGGGTG-1,6
TNBC5_GAGGCAATCACTACTT-1,6
TNBC5_GAGGCCTAGAAAGCGA-1,6
TNBC5_GAGGCCTAGGGCAACT-1,1
TNBC5_GAGGCCTTCAAAGACA-1,4
TNBC5_GAGGCCTTCTGGCTGG-1,2
TNBC5_GAGGGATTCAGACCCG-1,1
TNBC5_GAGGGTAAGCTGAGTG-1,6
TNBC5_GAGGGTACACCGGAAA-1,3
TNBC5_GAGGGTAGTTCGGTAT-1,6
TNBC5_GAGTCATTCCTATGGA-1,2
TNBC5_GAGTCATTCGCGCCAA-1,1
TNBC5_GAGTCATTCGCGTCGA-1,3
TNBC5_GAGTCTAAGACTTCAC-1,1
TNBC5_GAGTCTAAGCCTTTCC-1,5
TNBC5_GAGTCTACATATGAAG-1,2
TNBC5_GAGTCTAGTGGCTAGA-1,2
TNBC5_GAGTCTAGTGTAAACA-1,2
TNBC5_GAGTCTATCTCTCGCA-1,6
TNBC5_GAGTGAGAGAGCTTTC-1,4
TNBC5_GAGTGAGAGTAAGCAT-1,6
TNBC5_GAGTGTTAGAATCGTA-1,6
TNBC5_GAGTGTTAGATTTGCC-1,1
TNBC5_GAGTGTTAGCGACATG-1,1
TNBC5_GAGTGTTAGTCCCGAC-1,2
TNBC5_GAGTGTTAGTGATAGT-1,6
TNBC5_GAGTGTTGTAGATTAG-1,4
TNBC5_GAGTGTTGTGGAACCA-1,1
TNBC5_GAGTGTTTCCGTAGGC-1,2
TNBC5_GAGTTACAGAGATCGC-1,5
TNBC5_GAGTTACAGAGTCTTC-1,2
TNBC5_GAGTTACAGATAGTGT-1,2
TNBC5_GAGTTACCACGGAAGT-1,3
TNBC5_GAGTTACCACTCTCGT-1,5
TNBC5_GAGTTACTCCTCTCTT-1,2
TNBC5_GAGTTGTAGTAATTGG-1,2
TNBC5_GAGTTGTCACTCCGGA-1,1
TNBC5_GAGTTGTCATTCAGCA-1,4
TNBC5_GAGTTGTGTCGCATCG-1,4
TNBC5_GAGTTGTGTGCGTGCT-1,1
TNBC5_GAGTTGTTCATGACAC-1,1
TNBC5_GAGTTTGCAGACGGAT-1,3
TNBC5_GAGTTTGGTAGTTCCA-1,4
TNBC5_GAGTTTGTCGCGTCGA-1,1
TNBC5_GAGTTTGTCTTGCGCT-1,1
TNBC5_GATAGAAAGTTAACAG-1,1
TNBC5_GATAGAATCCGGACTG-1,2
TNBC5_GATAGAATCTTGAACG-1,1
TNBC5_GATAGCTAGCAATAAC-1,2
TNBC5_GATAGCTCACTGTCCT-1,2
TNBC5_GATAGCTGTCGCATCG-1,4
TNBC5_GATAGCTTCCGGTAAT-1,1
TNBC5_GATCACACACTAGGCC-1,5
TNBC5_GATCACAGTTACCCAA-1,2
TNBC5_GATCACATCACTTATC-1,2
TNBC5_GATCAGTAGCGCTGCT-1,1
TNBC5_GATCAGTGTATGGGAC-1,6
TNBC5_GATCAGTGTGACACGA-1,6
TNBC5_GATCAGTGTTCAATCG-1,5
TNBC5_GATCATGAGGTTGAGC-1,4
TNBC5_GATCATGTCCGATGCG-1,4
TNBC5_GATCATGTCGTGACTA-1,1
TNBC5_GATCATGTCTAAGCGT-1,6
TNBC5_GATCCCTCAACCACGC-1,5
TNBC5_GATCCCTTCCGTCAAA-1,6
TNBC5_GATCGTAAGTTCTACG-1,2
TNBC5_GATCGTACAACACTAC-1,4
TNBC5_GATCGTACAATACCCA-1,1
TNBC5_GATGACTAGGTCGTGA-1,1
TNBC5_GATGACTGTATACGGG-1,1
TNBC5_GATGACTGTCCAGAAG-1,1
TNBC5_GATGACTTCGTGTCAA-1,4
TNBC5_GATGAGGAGAATAACC-1,5
TNBC5_GATGAGGAGCTGACCC-1,1
TNBC5_GATGAGGAGGCCTTCG-1,2
TNBC5_GATGAGGGTCCAATCA-1,6
TNBC5_GATGAGGTCTGAACGT-1,1
TNBC5_GATGATCAGCTGTACT-1,5
TNBC5_GATGATCCACTGAGTT-1,2
TNBC5_GATGATCGTAGAGTTA-1,1
TNBC5_GATGATCGTCTACACA-1,6
TNBC5_GATGCTACACGACTAT-1,4
TNBC5_GATGCTACACGCGTCA-1,5
TNBC5_GATGCTAGTGATTAGA-1,4
TNBC5_GATGGAGAGGCACAAC-1,3
TNBC5_GATGTTGAGCATGAAT-1,1
TNBC5_GATGTTGGTTCAAGGG-1,4
TNBC5_GATGTTGTCAGCGCGT-1,3
TNBC5_GATTCGAAGTAGAGTT-1,1
TNBC5_GATTCGAGTTGCCGAC-1,5
TNBC5_GATTCGATCGTTTACT-1,1
TNBC5_GATTCTTAGATACGAT-1,1
TNBC5_GATTGGTTCAGGTAAA-1,1
TNBC5_GATTTCTAGCTCGAAG-1,1
TNBC5_GATTTCTGTTAAGCAA-1,4
TNBC5_GCAACATCAAATCGGG-1,2
TNBC5_GCAACATCATTGTGCA-1,2
TNBC5_GCAACATGTTTACGTG-1,5
TNBC5_GCAACATTCTTACGGA-1,1
TNBC5_GCAACCGAGGTACCTT-1,1
TNBC5_GCAACCGGTATCGCAT-1,1
TNBC5_GCAACCGGTTCCCAAA-1,5
TNBC5_GCACATAAGCCTGAGA-1,4
TNBC5_GCACATAGTATGATCC-1,6
TNBC5_GCACGGTCAATACCTG-1,3
TNBC5_GCACGGTCATACTGAC-1,6
TNBC5_GCACGGTGTTGATCGT-1,1
TNBC5_GCACGGTTCCTCACCA-1,4
TNBC5_GCACGGTTCTCCCATG-1,1
TNBC5_GCACTAACACACTTAG-1,2
TNBC5_GCACTAACATCCTGTC-1,2
TNBC5_GCACTAACATTCGATG-1,4
TNBC5_GCACTAATCACCTACC-1,4
TNBC5_GCACTAATCCAACCAA-1,1
TNBC5_GCAGCCACAATGAGCG-1,2
TNBC5_GCAGCCAGTACGTAGG-1,2
TNBC5_GCAGCCAGTCTTCCGT-1,5
TNBC5_GCAGCCATCCGGTAGC-1,6
TNBC5_GCAGCTGAGAGTGAAG-1,1
TNBC5_GCAGCTGCAAGAGTAT-1,6
TNBC5_GCAGCTGGTTGCTCCT-1,1
TNBC5_GCAGCTGGTTGGCTAT-1,1
TNBC5_GCAGGCTCATAGAGGC-1,1
TNBC5_GCAGGCTGTCTGCCTT-1,1
TNBC5_GCAGTTAGTCATCGCG-1,1
TNBC5_GCAGTTATCGCCAGAC-1,3
TNBC5_GCATCGGAGAGACAAG-1,1
TNBC5_GCATCGGAGTCCCGGT-1,3
TNBC5_GCATCGGCAAGAGTGC-1,5
TNBC5_GCATCGGCAGTTAAAG-1,1
TNBC5_GCATCGGGTATGAAAC-1,3
TNBC5_GCATCTCGTCGGCACT-1,1
TNBC5_GCATCTCGTCTAATCG-1,1
TNBC5_GCATCTCGTGAACTAA-1,3
TNBC5_GCATCTCGTGGCTGAA-1,1
TNBC5_GCATCTCTCCATACTT-1,1
TNBC5_GCATGATCACAAATAG-1,1
TNBC5_GCATGATTCACTGTTT-1,1
TNBC5_GCATGATTCAGGCGAA-1,2
TNBC5_GCATGATTCATCGACA-1,1
TNBC5_GCATTAGGTGTTTCTT-1,4
TNBC5_GCATTAGGTTTACACG-1,2
TNBC5_GCCAACGGTGCTCCGA-1,1
TNBC5_GCCAACGGTGGTCTTA-1,5
TNBC5_GCCAGCAAGGCGATAC-1,2
TNBC5_GCCAGCACAAGCCTGC-1,1
TNBC5_GCCAGCACACATGACT-1,1
TNBC5_GCCAGCACACGCCACA-1,6
TNBC5_GCCAGCAGTCAGCTTA-1,4
TNBC5_GCCAGCAGTCTTTCAT-1,1
TNBC5_GCCAGCATCGTTATCT-1,5
TNBC5_GCCAGCATCTAGGCAT-1,1
TNBC5_GCCAGGTAGCAGCCTC-1,1
TNBC5_GCCAGTGAGCTCCCTT-1,1
TNBC5_GCCAGTGCAATACGCT-1,2
TNBC5_GCCAGTGGTCTGTCCT-1,6
TNBC5_GCCAGTGTCGGCCCAA-1,1
TNBC5_GCCATGGAGTTCATGC-1,5
TNBC5_GCCATGGCACCTCAGG-1,6
TNBC5_GCCATGGCAGAATGTA-1,6
TNBC5_GCCATGGCATACAGCT-1,4
TNBC5_GCCATGGCATCAGCAT-1,2
TNBC5_GCCATGGCATGTCGTA-1,6
TNBC5_GCCATGGTCATTGGTG-1,5
TNBC5_GCCATGGTCCGGACGT-1,2
TNBC5_GCCATTCTCGAGAAAT-1,2
TNBC5_GCCATTCTCTTGGAAC-1,5
TNBC5_GCCCAGAAGAAGCTCG-1,2
TNBC5_GCCCAGAAGAATAACC-1,1
TNBC5_GCCCAGAAGGGATGTC-1,4
TNBC5_GCCCAGAGTCGTAATC-1,1
TNBC5_GCCCAGATCCCGTTCA-1,1
TNBC5_GCCCGAACAATAGTAG-1,1
TNBC5_GCCCGAACACCTGAAT-1,2
TNBC5_GCCCGAATCGTAGCCG-1,2
TNBC5_GCCCGAATCTTTGCGC-1,6
TNBC5_GCCGATGAGTCTTGGT-1,6
TNBC5_GCCGTGAAGCGCCCAT-1,2
TNBC5_GCCGTGACAGGCCTGT-1,2
TNBC5_GCCGTGACATGAAAGT-1,2
TNBC5_GCCGTGACATGGGCAA-1,6
TNBC5_GCCGTGATCGGCTATA-1,4
TNBC5_GCCTGTTAGCCGCTTG-1,2
TNBC5_GCCTGTTAGTGCGCTC-1,5
TNBC5_GCCTGTTCACCTGAAT-1,2
TNBC5_GCCTGTTGTGAAGCTG-1,6
TNBC5_GCCTGTTGTGGTGATG-1,2
TNBC5_GCCTGTTTCGCTAATG-1,1
TNBC5_GCGAGAAGTCAGGTAG-1,2
TNBC5_GCGAGAATCCGCGAGT-1,2
TNBC5_GCGATCGAGATACATG-1,1
TNBC5_GCGATCGCAGCGCGTT-1,3
TNBC5_GCGATCGGTCACAGAG-1,6
TNBC5_GCGATCGGTCGGCTAC-1,5
TNBC5_GCGATCGTCACTGAAC-1,1
TNBC5_GCGATCGTCTTTCGAT-1,4
TNBC5_GCGGAAACAATATCCG-1,5
TNBC5_GCGGAAACAGGTACGA-1,2
TNBC5_GCGGAAACATGGTGGA-1,4
TNBC5_GCGGAAATCGCCGAGT-1,1
TNBC5_GCGGAAATCGGCGATC-1,1
TNBC5_GCGGATCTCACATCAG-1,1
TNBC5_GCGGATCTCACCTCGT-1,2
TNBC5_GCGTGCAAGAAGGCTC-1,4
TNBC5_GCGTGCAAGGTAACTA-1,6
TNBC5_GCGTGCATCAGATGCT-1,3
TNBC5_GCGTGCATCCCAAGCG-1,2
TNBC5_GCGTGCATCGTTATCT-1,4
TNBC5_GCGTTTCCACTAACCA-1,6
TNBC5_GCGTTTCTCCAACTAG-1,4
TNBC5_GCTACAAAGCAGCAGT-1,1
TNBC5_GCTACAAAGGGACAGG-1,1
TNBC5_GCTACAACATCACCAA-1,6
TNBC5_GCTACAAGTACTGCCG-1,1
TNBC5_GCTACAAGTGAGTGAC-1,4
TNBC5_GCTACCTGTACAGGTG-1,1
TNBC5_GCTACCTGTGGCCCAT-1,1
TNBC5_GCTACCTTCTTCTAAC-1,1
TNBC5_GCTCAAACAAGCTACT-1,1
TNBC5_GCTCAAACAGCTGTAT-1,1
TNBC5_GCTCAAAGTCTAATCG-1,1
TNBC5_GCTCAAATCGTGGCGT-1,1
TNBC5_GCTGAATCAATTTCTC-1,6
TNBC5_GCTGAATCACGCCAGT-1,2
TNBC5_GCTGAATCATCCTCAC-1,4
TNBC5_GCTGAATTCATTGTTC-1,2
TNBC5_GCTGCAGCATCCCACT-1,2
TNBC5_GCTGCAGGTGCGGTAA-1,1
TNBC5_GCTGCAGGTGGTCTTA-1,2
TNBC5_GCTGCAGTCGTCAACA-1,1
TNBC5_GCTGCAGTCTGGACTA-1,1
TNBC5_GCTGCAGTCTGGGCCA-1,5
TNBC5_GCTGGGTAGGAGGCAG-1,1
TNBC5_GCTGGGTAGTGGACTG-1,1
TNBC5_GCTGGGTTCGCCATAA-1,2
TNBC5_GCTTCACAGTAGGAAG-1,1
TNBC5_GCTTCACCAACACAGG-1,2
TNBC5_GCTTGGGAGGTATAGT-1,1
TNBC5_GCTTGGGCATAGATGA-1,5
TNBC5_GCTTGGGGTCCAGGTC-1,6
TNBC5_GCTTGGGGTGTTAGCT-1,1
TNBC5_GCTTTCGAGCCTGTCG-1,1
TNBC5_GCTTTCGCAACCGCTG-1,1
TNBC5_GCTTTCGGTTCCGGTG-1,1
TNBC5_GGAACCCAGGTTCTAC-1,5
TNBC5_GGAACCCGTCAGCGTC-1,5
TNBC5_GGAACCCGTGACAACG-1,5
TNBC5_GGAACCCTCACAGTGT-1,1
TNBC5_GGAACCCTCTAGCCTC-1,6
TNBC5_GGAACCCTCTCTGCCA-1,4
TNBC5_GGAAGTGAGAGGGTAA-1,1
TNBC5_GGAATCTAGACTCATC-1,4
TNBC5_GGAATCTCACGTCGTG-1,5
TNBC5_GGAATCTGTGGCAGAT-1,4
TNBC5_GGAATCTTCGGCTGTG-1,4
TNBC5_GGAATGGAGTAAAGCT-1,2
TNBC5_GGACGTCAGCCAAGTG-1,4
TNBC5_GGACGTCAGCCGTAAG-1,1
TNBC5_GGACGTCAGCTGAGTG-1,2
TNBC5_GGAGAACAGTAAACGT-1,1
TNBC5_GGAGAACAGTAGCATA-1,5
TNBC5_GGAGAACGTAACGCGA-1,4
TNBC5_GGAGAACGTGTCTAAC-1,1
TNBC5_GGAGAACGTTCACCGG-1,4
TNBC5_GGAGAACTCGATAACC-1,1
TNBC5_GGAGATGAGAGCATCG-1,6
TNBC5_GGAGATGCAAATAGCA-1,4
TNBC5_GGAGATGGTTAGTTCG-1,6
TNBC5_GGAGCAAAGACCTCAT-1,4
TNBC5_GGAGCAAGTGGCCACT-1,1
TNBC5_GGAGCAATCAACTCTT-1,1
TNBC5_GGAGGATAGACCAAGC-1,1
TNBC5_GGAGGATAGTGTCATC-1,1
TNBC5_GGAGGATTCGATTTCT-1,5
TNBC5_GGAGGTAAGGGAGATA-1,5
TNBC5_GGAGGTAGTGCTTCAA-1,1
TNBC5_GGAGGTAGTTGTAGCT-1,3
TNBC5_GGAGGTATCAGACCCG-1,2
TNBC5_GGAGGTATCCCGAGGT-1,1
TNBC5_GGAGGTATCTCTGAGA-1,1
TNBC5_GGATCTAAGCTACTGT-1,1
TNBC5_GGATCTAAGGCGATAC-1,2
TNBC5_GGATCTACATCCTGTC-1,1
TNBC5_GGATGTTAGCCTCCAG-1,2
TNBC5_GGATGTTCAAGTGGGT-1,3
TNBC5_GGATGTTCAGAAGTTA-1,2
TNBC5_GGATGTTGTAGTCACT-1,6
TNBC5_GGATGTTTCATAGAGA-1,1
TNBC5_GGCACGTCAGAGAAAG-1,1
TNBC5_GGCACGTCATCGGTTA-1,4
TNBC5_GGCACGTGTCCACTTC-1,1
TNBC5_GGCACGTGTTCGTAAC-1,1
TNBC5_GGCACGTTCAGGAAAT-1,1
TNBC5_GGCACGTTCATGCCCT-1,1
TNBC5_GGCACGTTCGCTATTT-1,2
TNBC5_GGCACGTTCTTTGATC-1,4
TNBC5_GGCAGTCAGGGACACT-1,2
TNBC5_GGCAGTCAGTTACGAA-1,1
TNBC5_GGCAGTCGTATCGCAT-1,5
TNBC5_GGCAGTCGTCGACTGC-1,1
TNBC5_GGCAGTCGTTGCAACT-1,3
TNBC5_GGCAGTCGTTGCCATA-1,6
TNBC5_GGCAGTCTCCTCACTG-1,1
TNBC5_GGCGTCAAGGTCTTTG-1,1
TNBC5_GGCGTCATCTCATAGG-1,4
TNBC5_GGCGTCATCTGATTCT-1,2
TNBC5_GGCTGTGAGTCATGGG-1,1
TNBC5_GGCTGTGCACCTGCGA-1,5
TNBC5_GGCTGTGCACTGAGGA-1,2
TNBC5_GGCTGTGCATGAAGGC-1,5
TNBC5_GGCTTGGAGCTGCCTG-1,6
TNBC5_GGCTTGGAGGCTGGAT-1,2
TNBC5_GGCTTTCAGTATCTGC-1,1
TNBC5_GGCTTTCCACTACTTT-1,5
TNBC5_GGCTTTCCATCAACCA-1,5
TNBC5_GGCTTTCCATGAGAAT-1,2
TNBC5_GGCTTTCGTCAGACTT-1,2
TNBC5_GGCTTTCTCGGTTGTA-1,1
TNBC5_GGGAAGTCATAGGTAA-1,2
TNBC5_GGGAAGTTCTAGTCAG-1,4
TNBC5_GGGACAAGTGAGTTTC-1,4
TNBC5_GGGACAATCATGAGAA-1,4
TNBC5_GGGACAATCCATCACC-1,1
TNBC5_GGGACCTAGGGATCGT-1,5
TNBC5_GGGACCTGTACTCAAC-1,4
TNBC5_GGGACTCAGAATTGTG-1,1
TNBC5_GGGACTCCAGGTTTAC-1,5
TNBC5_GGGACTCTCAGAGTTC-1,1
TNBC5_GGGACTCTCTGAGGCC-1,1
TNBC5_GGGAGATAGAGGTCAC-1,4
TNBC5_GGGAGATAGCTTAAGA-1,2
TNBC5_GGGAGATCAACTACGT-1,5
TNBC5_GGGAGATTCATTACGG-1,5
TNBC5_GGGAGATTCCCTCGAT-1,1
TNBC5_GGGAGATTCGGCTTCT-1,1
TNBC5_GGGAGTAAGGGCAGTT-1,6
TNBC5_GGGAGTAAGTGAGGCT-1,1
TNBC5_GGGAGTACATTGGCAT-1,6
TNBC5_GGGAGTAGTTTACACG-1,1
TNBC5_GGGAGTATCACGGACC-1,1
TNBC5_GGGAGTATCATAGGCT-1,1
TNBC5_GGGATCCAGATCCCAT-1,1
TNBC5_GGGATCCAGCCTGCCA-1,1
TNBC5_GGGATCCGTTACCCTC-1,1
TNBC5_GGGCCATCACGGAAGT-1,2
TNBC5_GGGCCATGTTCTTCAT-1,5
TNBC5_GGGCCATTCATGACAC-1,3
TNBC5_GGGCCATTCGGACCAC-1,2
TNBC5_GGGCGTTCACCTGTCT-1,4
TNBC5_GGGCGTTCAGGCCCTA-1,1
TNBC5_GGGCGTTTCCTCATAT-1,5
TNBC5_GGGCTACCAGCGTGAA-1,4
TNBC5_GGGCTACCATGTCGTA-1,5
TNBC5_GGGCTACGTAGCACGA-1,4
TNBC5_GGGCTACGTGCTTCAA-1,2
TNBC5_GGGCTACGTTGTCCCT-1,1
TNBC5_GGGCTCAAGTGGCCTC-1,1
TNBC5_GGGCTCATCCGGCAAC-1,2
TNBC5_GGGTAGAAGAAGCTCG-1,3
TNBC5_GGGTAGAAGTCGCCCA-1,4
TNBC5_GGGTAGAGTGTGTCGC-1,4
TNBC5_GGGTAGATCTCCAAGA-1,2
TNBC5_GGGTATTAGAAAGTCT-1,5
TNBC5_GGGTATTAGCATAGGC-1,1
TNBC5_GGGTATTCAACAAGAT-1,2
TNBC5_GGGTATTGTAGAGGAA-1,1
TNBC5_GGGTATTGTCGGAAAC-1,1
TNBC5_GGGTATTGTCGTACTA-1,1
TNBC5_GGGTATTGTTGTGTAC-1,2
TNBC5_GGGTATTTCCCGGTAG-1,2
TNBC5_GGGTCACAGGTGCTTT-1,1
TNBC5_GGGTCACGTATGGAAT-1,2
TNBC5_GGGTCTGAGTCAATCC-1,5
TNBC5_GGGTCTGGTGTTTGCA-1,2
TNBC5_GGGTCTGTCCTGTAAG-1,1
TNBC5_GGGTGAAAGCTACAAA-1,1
TNBC5_GGGTGAAGTCACTGAT-1,1
TNBC5_GGGTGTCAGTAGATCA-1,1
TNBC5_GGGTTATAGGCGTTAG-1,1
TNBC5_GGGTTATAGTATGATG-1,1
TNBC5_GGGTTATCAATTGAAG-1,1
TNBC5_GGGTTATGTGGTCAAG-1,6
TNBC5_GGGTTATGTTAATGAG-1,3
TNBC5_GGGTTTAAGGGCAGGA-1,4
TNBC5_GGGTTTAAGGGTTAGC-1,2
TNBC5_GGGTTTAAGTCTGGTT-1,1
TNBC5_GGGTTTAAGTTTGCTG-1,1
TNBC5_GGTAACTCATTGTAGC-1,6
TNBC5_GGTAATCGTTCTTCAT-1,1
TNBC5_GGTAATCTCACAAGAA-1,4
TNBC5_GGTAATCTCTAAGGAA-1,2
TNBC5_GGTAATCTCTGAATCG-1,1
TNBC5_GGTAGAGAGTAACCGG-1,1
TNBC5_GGTAGAGCAATCGTCA-1,1
TNBC5_GGTAGAGCATTCACCC-1,5
TNBC5_GGTAGAGGTGGAATGC-1,1
TNBC5_GGTCACGAGGGCTTCC-1,2
TNBC5_GGTCACGCACCACTGG-1,2
TNBC5_GGTCTGGCATCGCTGG-1,5
TNBC5_GGTCTGGTCGCGTTTC-1,2
TNBC5_GGTGAAGAGTGTACCT-1,1
TNBC5_GGTGAAGAGTGTTGTC-1,1
TNBC5_GGTGAAGCAGATCACT-1,4
TNBC5_GGTGAAGCATATTCGG-1,2
TNBC5_GGTGAAGCATTGCTTT-1,6
TNBC5_GGTGATTAGACGAGCT-1,1
TNBC5_GGTGATTAGCTGCCAC-1,5
TNBC5_GGTGATTGTCCAGCCA-1,2
TNBC5_GGTGGCTGTGCTCTCT-1,1
TNBC5_GGTGGCTGTTCGTTCC-1,1
TNBC5_GGTGTCGAGTAATCCC-1,4
TNBC5_GGTGTCGCAACTGCCG-1,1
TNBC5_GGTGTTAAGCACCGTC-1,3
TNBC5_GGTGTTAAGGGAGGGT-1,1
TNBC5_GGTGTTACACCTGCAG-1,6
TNBC5_GGTGTTAGTCGGCTAC-1,1
TNBC5_GGTTAACAGTTTGTCG-1,1
TNBC5_GGTTAACCATGACCCG-1,4
TNBC5_GGTTAACGTTGCTCAA-1,1
TNBC5_GGTTAACTCCATATGG-1,5
TNBC5_GGTTAACTCGCAGTTA-1,1
TNBC5_GGTTAACTCTGAGATC-1,2
TNBC5_GGTTCTCCACGCTTAA-1,6
TNBC5_GGTTCTCCATGTTACG-1,2
TNBC5_GGTTCTCGTTCTCGTC-1,4
TNBC5_GGTTGTACAGTAACAA-1,2
TNBC5_GGTTGTAGTGCCTATA-1,1
TNBC5_GTAACACAGAGGGCGA-1,4
TNBC5_GTAACACCACCGTGAC-1,5
TNBC5_GTAACACCACGAGGTA-1,4
TNBC5_GTAACACCACGCTGTG-1,1
TNBC5_GTAACACTCAGGAGAC-1,6
TNBC5_GTAACCAAGCCTGCCA-1,1
TNBC5_GTAACCAAGTCGAGGT-1,1
TNBC5_GTAACCACAACGATCT-1,6
TNBC5_GTAACCACATCTATCT-1,1
TNBC5_GTAACCAGTATCAAGA-1,1
TNBC5_GTAACCATCAAACCTG-1,5
TNBC5_GTAACCATCCTCACCA-1,1
TNBC5_GTAACCATCCTCTGCA-1,6
TNBC5_GTAAGTCCATATAGCC-1,6
TNBC5_GTAATCGAGGTCGCCT-1,2
TNBC5_GTAATCGCAATAACCC-1,2
TNBC5_GTAATCGGTGTGTCCG-1,1
TNBC5_GTAATGCAGTAGCATA-1,2
TNBC5_GTAATGCTCAACACCA-1,1
TNBC5_GTAATGCTCATGCCGG-1,6
TNBC5_GTAATGCTCGCTTACC-1,6
TNBC5_GTACAACAGACCAGCA-1,3
TNBC5_GTACAACCAACACTAC-1,2
TNBC5_GTACAACGTATCAAGA-1,3
TNBC5_GTACAACGTTCATCGA-1,4
TNBC5_GTACAACGTTGGGATG-1,4
TNBC5_GTACAACTCAGCTTCC-1,1
TNBC5_GTACAACTCGTGTGGC-1,1
TNBC5_GTACAGTCACGCAGTC-1,6
TNBC5_GTACAGTTCGGTCTAA-1,1
TNBC5_GTAGAAACAGGCCTGT-1,1
TNBC5_GTAGAAAGTCCTCAGG-1,1
TNBC5_GTAGAAAGTGAATGTA-1,6
TNBC5_GTAGAAATCCACACAA-1,1
TNBC5_GTAGAGGAGATAGTCA-1,5
TNBC5_GTAGAGGAGGCTTAAA-1,1
TNBC5_GTAGAGGCAGGCGTTC-1,2
TNBC5_GTAGAGGGTAGGCAGT-1,1
TNBC5_GTAGAGGGTTAGAAAC-1,1
TNBC5_GTAGAGGTCATCTGTT-1,5
TNBC5_GTAGAGGTCGACCAAT-1,2
TNBC5_GTAGATCCATTAAAGG-1,1
TNBC5_GTAGATCGTCCGGTCA-1,2
TNBC5_GTAGATCGTTGACTAC-1,4
TNBC5_GTAGATCTCAGTGCGC-1,5
TNBC5_GTAGCTATCCGGTAGC-1,2
TNBC5_GTAGGAGCAGACCTGC-1,3
TNBC5_GTAGGTTTCAGGAAGC-1,1
TNBC5_GTAGGTTTCCGATTAG-1,2
TNBC5_GTAGGTTTCGCGCTGA-1,6
TNBC5_GTAGGTTTCGGAATGG-1,1
TNBC5_GTAGTACCAAAGTATG-1,1
TNBC5_GTAGTACCATTGACCA-1,1
TNBC5_GTATTGGTCGGTCAGC-1,6
TNBC5_GTATTGGTCTTCGACC-1,1
TNBC5_GTATTGGTCTTGCAAG-1,1
TNBC5_GTATTTCAGAAATTGC-1,2
TNBC5_GTATTTCAGGCACTAG-1,1
TNBC5_GTATTTCGTCGGATTT-1,6
TNBC5_GTATTTCTCACCTGGG-1,2
TNBC5_GTCAAACAGTAGGATT-1,4
TNBC5_GTCAAACAGTTCTCTT-1,6
TNBC5_GTCAAGTCACACCTAA-1,1
TNBC5_GTCAAGTCACCTAAAC-1,2
TNBC5_GTCAAGTGTGACTATC-1,2
TNBC5_GTCAAGTTCCTAGCGG-1,2
TNBC5_GTCAAGTTCGAGTCCG-1,5
TNBC5_GTCACGGAGTTCTCTT-1,2
TNBC5_GTCACGGCAATCCAGT-1,1
TNBC5_GTCACGGGTGGTCAAG-1,1
TNBC5_GTCACTCAGAGGTTAT-1,1
TNBC5_GTCACTCCACGCAAAG-1,1
TNBC5_GTCACTCCACTAGGTT-1,4
TNBC5_GTCACTCGTAACATAG-1,5
TNBC5_GTCACTCGTGAATTGA-1,1
TNBC5_GTCACTCTCACTGGGC-1,2
TNBC5_GTCACTCTCTTACGTT-1,3
TNBC5_GTCAGCGAGAAACCCG-1,1
TNBC5_GTCAGCGCAGTAGAAT-1,1
TNBC5_GTCAGCGCATGACTGT-1,6
TNBC5_GTCAGCGTCCACAAGT-1,1
TNBC5_GTCAGCGTCCGAAGGA-1,1
TNBC5_GTCAGCGTCGCAGTGC-1,1
TNBC5_GTCATCCAGGTGGCTA-1,2
TNBC5_GTCATCCGTTCGATTG-1,4
TNBC5_GTCATCCTCGCTCTAC-1,1
TNBC5_GTCATCCTCTCGCAGG-1,5
TNBC5_GTCATGACATGAGTAA-1,3
TNBC5_GTCATGAGTAATTGGA-1,3
TNBC5_GTCATGATCATGCTAG-1,2
TNBC5_GTCATTTAGATGTAGT-1,1
TNBC5_GTCATTTCACTAGTAC-1,4
TNBC5_GTCCACTCAACGACTT-1,6
TNBC5_GTCCACTTCAGACAAA-1,2
TNBC5_GTCCACTTCGACGACC-1,5
TNBC5_GTCCCATAGGAATGTT-1,5
TNBC5_GTCCCATGTGAACTAA-1,5
TNBC5_GTCCCATTCATGGCCG-1,2
TNBC5_GTCCTCAGTACCTATG-1,2
TNBC5_GTCCTCAGTCTGTGAT-1,5
TNBC5_GTCGAATCAGACGATG-1,1
TNBC5_GTCGAATCATCGCTAA-1,2
TNBC5_GTCGAATGTAACAAGT-1,1
TNBC5_GTCGAATTCAATCCAG-1,4
TNBC5_GTCGAATTCATCCTAT-1,1
TNBC5_GTCGAATTCTGTCAGA-1,4
TNBC5_GTCGCGAAGACCCGCT-1,4
TNBC5_GTCGCGAAGGTGATCG-1,3
TNBC5_GTCGCGATCCTACACC-1,4
TNBC5_GTCGCGATCGAACACT-1,2
TNBC5_GTCGCGATCTAGCCAA-1,1
TNBC5_GTCGTAAGTACAAACA-1,2
TNBC5_GTCGTTCAGAGCGACT-1,4
TNBC5_GTCGTTCCATTGTACG-1,2
TNBC5_GTCGTTCGTGCATGTT-1,1
TNBC5_GTCGTTCGTTGTCAGT-1,2
TNBC5_GTCGTTCGTTTGGCTA-1,1
TNBC5_GTCTACCAGCCTCTCT-1,1
TNBC5_GTCTACCCAGCGACAA-1,1
TNBC5_GTCTACCCATGACGGA-1,1
TNBC5_GTCTACCTCCTATGGA-1,1
TNBC5_GTCTACCTCGACGAGA-1,1
TNBC5_GTCTAGACAAGACGAC-1,1
TNBC5_GTCTAGAGTGATCGTT-1,1
TNBC5_GTCTAGAGTGGCAGAT-1,1
TNBC5_GTCTAGATCACGGACC-1,4
TNBC5_GTCTCACGTCTCAAGT-1,1
TNBC5_GTCTCACTCGATTGAC-1,6
TNBC5_GTCTCACTCTGGCTGG-1,2
TNBC5_GTCTGTCAGGGAGGCA-1,2
TNBC5_GTCTGTCCATTCCTAT-1,6
TNBC5_GTCTGTCGTTGGAGGT-1,1
TNBC5_GTCTGTCTCTTACGGA-1,1
TNBC5_GTCTGTCTCTTTCCAA-1,1
TNBC5_GTCTTTAAGATCGCTT-1,1
TNBC5_GTCTTTACATCGCTAA-1,2
TNBC5_GTCTTTAGTATCGCTA-1,1
TNBC5_GTCTTTATCTACTTCA-1,1
TNBC5_GTGACGCAGGTGGTTG-1,1
TNBC5_GTGACGCAGTGCTAGG-1,3
TNBC5_GTGACGCTCGCATAGT-1,2
TNBC5_GTGACGCTCGTGGCTG-1,5
TNBC5_GTGACGCTCTTACTGT-1,2
TNBC5_GTGAGCCAGACAGCTG-1,1
TNBC5_GTGAGCCAGCGCTTCG-1,2
TNBC5_GTGAGCCAGCGTGTCC-1,4
TNBC5_GTGAGCCGTACGATGG-1,2
TNBC5_GTGAGCCGTGGTGATG-1,1
TNBC5_GTGAGCCTCAGAGCAG-1,2
TNBC5_GTGAGCCTCGTAGCCG-1,1
TNBC5_GTGAGGAAGAGAACCC-1,5
TNBC5_GTGAGGAAGCAGGCTA-1,1
TNBC5_GTGAGGATCATGAGGG-1,4
TNBC5_GTGAGTTCAAAGCGTG-1,2
TNBC5_GTGAGTTCAGAATTCC-1,2
TNBC5_GTGAGTTGTACAGAGC-1,5
TNBC5_GTGAGTTTCGAGTACT-1,5
TNBC5_GTGATGTAGGCTCCCA-1,6
TNBC5_GTGATGTCAGGCAATG-1,1
TNBC5_GTGCACGAGAATCGTA-1,2
TNBC5_GTGCACGAGCGTTACT-1,1
TNBC5_GTGCACGCACGTCGGT-1,6
TNBC5_GTGCACGCATGTGGCC-1,4
TNBC5_GTGCACGTCATTCTTG-1,2
TNBC5_GTGCAGCAGCATCGAG-1,3
TNBC5_GTGCAGCAGGCCTAGA-1,2
TNBC5_GTGCAGCCAAGTTTGC-1,4
TNBC5_GTGCAGCGTAGGCAGT-1,6
TNBC5_GTGCGTGAGCTATCCA-1,2
TNBC5_GTGCGTGAGCTGTTCA-1,6
TNBC5_GTGCGTGCATGATCTG-1,4
TNBC5_GTGCTGGAGATGTTGA-1,1
TNBC5_GTGCTGGCAGCTCTGG-1,2
TNBC5_GTGCTGGGTTACCCAA-1,2
TNBC5_GTGCTGGTCCGCATAA-1,1
TNBC5_GTGCTGGTCGAGATGG-1,1
TNBC5_GTGCTTCGTTGGAGGT-1,1
TNBC5_GTGCTTCTCAAGAGTA-1,2
TNBC5_GTGCTTCTCAATCCGA-1,1
TNBC5_GTGGAAGAGCATCAAA-1,1
TNBC5_GTGGAAGAGCGAGTAC-1,3
TNBC5_GTGGAAGCATCACAGT-1,1
TNBC5_GTGGAAGGTAGATCGG-1,4
TNBC5_GTGGAAGTCGAACCAT-1,1
TNBC5_GTGGAAGTCGTACACA-1,5
TNBC5_GTGGAGAAGAAGCGAA-1,5
TNBC5_GTGGAGAGTCACTTCC-1,6
TNBC5_GTGGCGTCAGTGCGCT-1,3
TNBC5_GTGGCGTGTCCCGCAA-1,6
TNBC5_GTGGGAAGTTACAGCT-1,1
TNBC5_GTGGGAATCGACGTCG-1,2
TNBC5_GTGGTTAAGACGTCCC-1,1
TNBC5_GTGGTTAAGCCGATCC-1,4
TNBC5_GTGGTTACACACCAGC-1,4
TNBC5_GTGGTTAGTAACAAGT-1,5
TNBC5_GTGGTTATCAGCTGTA-1,1
TNBC5_GTGGTTATCCCTAGGG-1,2
TNBC5_GTGTAACCACAACCGC-1,4
TNBC5_GTGTAACTCTCGAGTA-1,1
TNBC5_GTGTCCTCAAGGTCGA-1,3
TNBC5_GTGTCCTCAGCGTACC-1,6
TNBC5_GTGTCCTCATAGGAGC-1,2
TNBC5_GTGTCCTCATCGGAAG-1,2
TNBC5_GTGTCCTTCACACCGG-1,1
TNBC5_GTGTGATCACGACAGA-1,6
TNBC5_GTGTGATCACTAGGCC-1,1
TNBC5_GTGTGATTCGCAGTGC-1,2
TNBC5_GTGTGGCCACAATGAA-1,5
TNBC5_GTGTTCCAGAAGCGGG-1,2
TNBC5_GTGTTCCCACTTCATT-1,6
TNBC5_GTGTTCCGTCCAATCA-1,2
TNBC5_GTGTTCCGTTTGTGGT-1,2
TNBC5_GTGTTCCTCAAGCTTG-1,3
TNBC5_GTGTTCCTCGCCGAAC-1,4
TNBC5_GTTACAGAGGGCCTCT-1,2
TNBC5_GTTACAGAGGTCACAG-1,6
TNBC5_GTTACAGAGTAGGTTA-1,5
TNBC5_GTTACAGCATGGAACG-1,2
TNBC5_GTTACAGTCAGACAAA-1,5
TNBC5_GTTACAGTCCAACCGG-1,1
TNBC5_GTTACAGTCTGTCCGT-1,1
TNBC5_GTTACCCCAGCTGAGA-1,2
TNBC5_GTTACCCCAGTAGTTC-1,5
TNBC5_GTTACCCCATACACCA-1,5
TNBC5_GTTACCCTCGAAACAA-1,2
TNBC5_GTTACGATCACCATCC-1,1
TNBC5_GTTACGATCATTACTC-1,5
TNBC5_GTTACGATCTAGACCA-1,4
TNBC5_GTTAGACAGCTGTTCA-1,1
TNBC5_GTTAGACCAAGAATAC-1,2
TNBC5_GTTAGACTCAAAGGAT-1,1
TNBC5_GTTAGACTCAGCTGTA-1,3
TNBC5_GTTAGACTCCGAACGC-1,1
TNBC5_GTTAGACTCGCGATCG-1,1
TNBC5_GTTAGTGCAGCGCTTG-1,6
TNBC5_GTTAGTGCATCGCTGG-1,5
TNBC5_GTTATGGAGATTAGAC-1,1
TNBC5_GTTATGGCACGCAAAG-1,4
TNBC5_GTTATGGCATGAGATA-1,5
TNBC5_GTTATGGGTACGATGG-1,6
TNBC5_GTTATGGGTTCCATTT-1,5
TNBC5_GTTCATTCAGCCCAGT-1,6
TNBC5_GTTCCGTAGAGGCCAT-1,5
TNBC5_GTTCCGTAGATGGTCG-1,1
TNBC5_GTTCCGTAGTGTAGAT-1,3
TNBC5_GTTCCGTGTCACCACG-1,2
TNBC5_GTTCGCTAGGTAAGTT-1,1
TNBC5_GTTCGCTCACTGTGAT-1,4
TNBC5_GTTCGCTTCTCCGCAT-1,6
TNBC5_GTTCTATAGCGCTGCT-1,3
TNBC5_GTTCTATCAATGGGTG-1,4
TNBC5_GTTCTATGTTCTCCAC-1,2
TNBC5_GTTCTATTCCAATGCA-1,5
TNBC5_GTTGAACCATGAGAAT-1,5
TNBC5_GTTGAACGTGGGTCAA-1,1
TNBC5_GTTGCGGCAACTGAAA-1,1
TNBC5_GTTGCGGGTCGCCTAG-1,1
TNBC5_GTTGCTCCACGTACAT-1,1
TNBC5_GTTGCTCTCCTCTAGC-1,4
TNBC5_GTTGCTCTCTCTCGCA-1,2
TNBC5_GTTGTAGCAATGAGCG-1,2
TNBC5_GTTGTAGCAGCGAACA-1,4
TNBC5_GTTGTAGGTCTTCTAT-1,4
TNBC5_GTTGTAGGTGAGCCAA-1,6
TNBC5_GTTGTAGGTGTCCGTG-1,4
TNBC5_GTTGTAGTCGGACTGC-1,1
TNBC5_GTTGTCCCACATACTG-1,5
TNBC5_GTTGTCCTCCGTGTGG-1,1
TNBC5_GTTGTGAGTCATCGGC-1,2
TNBC5_GTTGTGAGTTCTATCT-1,2
TNBC5_GTTTACTCAAATCAAG-1,3
TNBC5_GTTTACTGTCGCACAC-1,1
TNBC5_GTTTACTTCGCATGAT-1,5
TNBC5_GTTTGGAAGAATCGAT-1,2
TNBC5_GTTTGGACAGACGCTC-1,5
TNBC5_GTTTGGAGTCTAATCG-1,1
TNBC5_GTTTGGATCATGTCAG-1,1
TNBC5_TAACACGAGCACCAGA-1,1
TNBC5_TAACACGAGCGATCGA-1,6
TNBC5_TAACACGGTCAACACT-1,4
TNBC5_TAACACGTCCAACTAG-1,2
TNBC5_TAACCAGAGGTTGCCC-1,1
TNBC5_TAACGACAGCTAAGTA-1,5
TNBC5_TAACGACAGCTTCATG-1,1
TNBC5_TAACGACAGGGCTGAT-1,6
TNBC5_TAACGACGTTCTATCT-1,4
TNBC5_TAACGACGTTTGCCGG-1,1
TNBC5_TAACTTCAGACGAGCT-1,1
TNBC5_TAACTTCAGAGCCGAT-1,5
TNBC5_TAACTTCCAATATCCG-1,1
TNBC5_TAACTTCGTACCTAAC-1,2
TNBC5_TAACTTCGTGCTGTCG-1,2
TNBC5_TAACTTCTCAGACATC-1,4
TNBC5_TAAGCACAGTGCTAGG-1,1
TNBC5_TAAGCACCACGCAAAG-1,6
TNBC5_TAAGCACGTGACGTCC-1,4
TNBC5_TAAGCCAAGGATGCGT-1,5
TNBC5_TAAGCCAAGTCTCTGA-1,2
TNBC5_TAAGCCACAACAAAGT-1,4
TNBC5_TAAGCCATCATTTACC-1,1
TNBC5_TAAGCGTAGAGCACTG-1,5
TNBC5_TAAGCGTCATTGACCA-1,5
TNBC5_TAAGCGTGTGACCGAA-1,2
TNBC5_TAAGCGTGTTCGAAGG-1,5
TNBC5_TAAGCGTTCCTCTTTC-1,1
TNBC5_TAAGTCGAGCGGCTCT-1,6
TNBC5_TAAGTCGAGCTAAATG-1,1
TNBC5_TAAGTCGAGGACAGTC-1,2
TNBC5_TAAGTCGGTGCGAGTA-1,3
TNBC5_TAAGTCGGTTCTCCCA-1,2
TNBC5_TAATCTCAGGCCACCT-1,2
TNBC5_TAATCTCCAACACACT-1,6
TNBC5_TAATCTCCACATCCCT-1,4
TNBC5_TAATCTCCACTTCTCG-1,1
TNBC5_TAATCTCGTCATTGCA-1,1
TNBC5_TAATCTCGTTGCCGAC-1,1
TNBC5_TAATCTCGTTTCGGCG-1,1
TNBC5_TAATTCCGTTTACTTC-1,2
TNBC5_TAATTCCTCTCTTGCG-1,3
TNBC5_TACACCCAGATGGTCG-1,1
TNBC5_TACACCCAGGCTCAAG-1,4
TNBC5_TACACCCTCCTACCAC-1,2
TNBC5_TACACCCTCTGACGCG-1,5
TNBC5_TACAGGTAGAGCTTTC-1,1
TNBC5_TACAGGTAGATAGCTA-1,1
TNBC5_TACAGGTAGCTCAGAG-1,5
TNBC5_TACAGGTAGTGCAAAT-1,4
TNBC5_TACAGGTGTATGAAAC-1,1
TNBC5_TACAGGTGTGAGTAGC-1,6
TNBC5_TACAGGTTCTTTCGAT-1,1
TNBC5_TACATTCAGAAGGCTC-1,1
TNBC5_TACATTCAGCCTCCAG-1,3
TNBC5_TACATTCAGCCTTCTC-1,5
TNBC5_TACATTCGTTAGCGGA-1,5
TNBC5_TACATTCTCGTTCTCG-1,1
TNBC5_TACCCACCAGGTTACT-1,1
TNBC5_TACCCACGTTGTGTAC-1,2
TNBC5_TACCCACTCTAGTTCT-1,6
TNBC5_TACCCGTAGGGATCAC-1,5
TNBC5_TACCCGTTCTCAACCC-1,1
TNBC5_TACCCGTTCTTCGCTG-1,1
TNBC5_TACCGAATCATTCATC-1,3
TNBC5_TACCGGGAGAATTCAG-1,5
TNBC5_TACCGGGAGAGCCTGA-1,2
TNBC5_TACCGGGAGCCATATC-1,2
TNBC5_TACCGGGCACTGCGAC-1,1
TNBC5_TACCGGGCATCTAACG-1,4
TNBC5_TACCGGGGTAGTACGG-1,1
TNBC5_TACCGGGGTCCAGGTC-1,1
TNBC5_TACCGGGTCGCTCTAC-1,1
TNBC5_TACCGGGTCTGGTGCG-1,1
TNBC5_TACCTCGCAGGTATGG-1,2
TNBC5_TACCTCGCAGTCGCTG-1,2
TNBC5_TACCTCGCATAACGGG-1,2
TNBC5_TACCTCGCATCCTAAG-1,1
TNBC5_TACCTCGGTTTGGAGG-1,2
TNBC5_TACCTCGTCCCAGTGG-1,6
TNBC5_TACCTGCGTGGTACAG-1,4
TNBC5_TACCTGCTCGGCAGTC-1,5
TNBC5_TACGCTCGTCTCACGG-1,4
TNBC5_TACGCTCGTGCGAACA-1,1
TNBC5_TACGGGCAGCAATAGT-1,5
TNBC5_TACGGGCCATCTTTCA-1,1
TNBC5_TACGGGCGTAGATGTA-1,6
TNBC5_TACGGGCGTGCACATT-1,3
TNBC5_TACGGGCTCTGCTCTG-1,2
TNBC5_TACGGTAAGGTCCGAA-1,6
TNBC5_TACGGTATCCATGATG-1,1
TNBC5_TACGTCCCAGGCATGA-1,1
TNBC5_TACGTCCGTATGACAA-1,2
TNBC5_TACGTCCTCCCAGGCA-1,5
TNBC5_TACGTCCTCTTAGCCC-1,1
TNBC5_TACTGCCCACGATTCA-1,6
TNBC5_TACTGCCGTATGGTTC-1,2
TNBC5_TACTTACAGATACTGA-1,4
TNBC5_TACTTACAGGCACTCC-1,2
TNBC5_TACTTACGTATCTTCT-1,1
TNBC5_TACTTACGTGTACATC-1,2
TNBC5_TACTTACTCCCTTGGT-1,5
TNBC5_TACTTCAAGCGAGTCA-1,2
TNBC5_TACTTCACAACTACGT-1,1
TNBC5_TACTTCACATTAAGCC-1,5
TNBC5_TACTTCAGTTGGATCT-1,1
TNBC5_TACTTGTGTTGCAACT-1,1
TNBC5_TACTTGTTCAGAGCGA-1,3
TNBC5_TAGACCAGTAGGTGCA-1,1
TNBC5_TAGACCAGTGAGTAAT-1,1
TNBC5_TAGACCATCACGTAGT-1,5
TNBC5_TAGACCATCGGATACT-1,2
TNBC5_TAGACTGAGCACAAAT-1,6
TNBC5_TAGAGTCAGCGCAATG-1,2
TNBC5_TAGAGTCGTAGATCCT-1,6
TNBC5_TAGATCGAGAAACTGT-1,4
TNBC5_TAGATCGCACGGGTAA-1,5
TNBC5_TAGATCGCAGCGAGTA-1,2
TNBC5_TAGATCGCATGTTTGG-1,5
TNBC5_TAGATCGGTAATACCC-1,2
TNBC5_TAGCACAAGAGTCGAC-1,4
TNBC5_TAGCACAAGAGTGGCT-1,3
TNBC5_TAGCACAAGGTAAAGG-1,1
TNBC5_TAGCACAGTTCGGACC-1,1
TNBC5_TAGGAGGCAGTCGTTA-1,1
TNBC5_TAGGAGGGTACTTCCC-1,5
TNBC5_TAGGGTTAGCTAGAGC-1,5
TNBC5_TAGGGTTAGGCGACAT-1,5
TNBC5_TAGGGTTCAAGGTACG-1,4
TNBC5_TAGGGTTTCCATTGCC-1,5
TNBC5_TAGGTACAGAGGCGGA-1,3
TNBC5_TAGGTACGTTGCGGAA-1,4
TNBC5_TAGGTACTCCATTTAC-1,4
TNBC5_TAGGTTGTCAACCTTT-1,1
TNBC5_TAGGTTGTCACATCAG-1,2
TNBC5_TAGGTTGTCGAACGCC-1,4
TNBC5_TAGGTTGTCGCTCTCA-1,1
TNBC5_TAGTGCACATGGAACG-1,1
TNBC5_TATACCTCAGACCTAT-1,6
TNBC5_TATACCTGTGTTTACG-1,1
TNBC5_TATATCCAGTTGCATC-1,2
TNBC5_TATATCCCATCCCACT-1,1
TNBC5_TATATCCTCCGCTTAC-1,2
TNBC5_TATCAGGTCCATTCGC-1,2
TNBC5_TATCAGGTCCCAGCGA-1,6
TNBC5_TATCAGGTCGGTCTGG-1,1
TNBC5_TATCAGGTCTTAGCTT-1,4
TNBC5_TATCCTAGTAGCGTAG-1,1
TNBC5_TATCCTAGTATGGAAT-1,4
TNBC5_TATCGCCGTGTACAGG-1,1
TNBC5_TATCGCCTCCCGAGGT-1,2
TNBC5_TATCGCCTCGTGGGAA-1,4
TNBC5_TATCTGTAGACAGCTG-1,2
TNBC5_TATCTGTAGGTAGATT-1,1
TNBC5_TATCTGTAGTGCGTCC-1,1
TNBC5_TATCTGTAGTGGATTA-1,4
TNBC5_TATCTGTCAACTGCTA-1,2
TNBC5_TATCTGTCAGAACTAA-1,2
TNBC5_TATCTGTGTCACCACG-1,2
TNBC5_TATCTGTTCGGCTGGT-1,2
TNBC5_TATCTTGAGCAGCACA-1,6
TNBC5_TATCTTGAGCTTGTGT-1,1
TNBC5_TATCTTGTCACATTGG-1,1
TNBC5_TATCTTGTCTCATAGG-1,3
TNBC5_TATGTTCCAGACGCTC-1,1
TNBC5_TATGTTCGTCCTACGG-1,2
TNBC5_TATTCCACAACGTATC-1,4
TNBC5_TATTCCACAGCTTTCC-1,6
TNBC5_TATTCCACATCCGTTC-1,1
TNBC5_TATTCCACATCTGCGG-1,2
TNBC5_TATTCCAGTCCGGTGT-1,4
TNBC5_TATTGCTAGGTCCAGA-1,5
TNBC5_TATTGCTAGGTTATAG-1,2
TNBC5_TATTGCTCAATACGAA-1,6
TNBC5_TATTGCTCACTATCGA-1,1
TNBC5_TATTGCTGTAGGCTGA-1,1
TNBC5_TATTGCTGTGGAACCA-1,1
TNBC5_TATTGCTGTTCGCGTG-1,4
TNBC5_TATTGCTTCGTGCGAC-1,1
TNBC5_TATTGCTTCTCAACGA-1,1
TNBC5_TATTGGGTCATCACCC-1,5
TNBC5_TATTGGGTCGCCAGAC-1,1
TNBC5_TATTTCGAGAGTCACG-1,5
TNBC5_TATTTCGCACGCGCAT-1,3
TNBC5_TATTTCGGTTCTCGCT-1,5
TNBC5_TCAAGACGTAATTGGA-1,2
TNBC5_TCAAGCAAGCTGGAGT-1,3
TNBC5_TCAAGCAAGTTCAACC-1,2
TNBC5_TCAAGCACAGGACGAT-1,1
TNBC5_TCAAGCAGTGCCGGTT-1,5
TNBC5_TCAAGCATCCGATTAG-1,2
TNBC5_TCAAGTGAGCGTGTCC-1,2
TNBC5_TCAAGTGGTTCGAACT-1,6
TNBC5_TCAATCTCACGGTGCT-1,2
TNBC5_TCAATCTTCCGCTGTT-1,1
TNBC5_TCAATCTTCGCGTGCA-1,2
TNBC5_TCAATTCAGACCCTTA-1,6
TNBC5_TCAATTCCAGAGAATT-1,5
TNBC5_TCAATTCGTACCCGAC-1,5
TNBC5_TCAATTCTCCACTTTA-1,1
TNBC5_TCACAAGGTCTAGGCC-1,5
TNBC5_TCACAAGTCACCCTTG-1,1
TNBC5_TCACACCAGGTCCCTG-1,1
TNBC5_TCACACCAGTCTGTAC-1,5
TNBC5_TCACACCCAATCAAGA-1,1
TNBC5_TCACACCGTATCACCA-1,2
TNBC5_TCACACCGTGTCCGGT-1,1
TNBC5_TCACACCGTTGGAGGT-1,1
TNBC5_TCACACCTCGTGAGAG-1,2
TNBC5_TCACATTAGAGAGCCT-1,6
TNBC5_TCACATTAGTACGTCT-1,1
TNBC5_TCACATTAGTTACTCG-1,2
TNBC5_TCACATTGTAGCTGTT-1,1
TNBC5_TCACATTTCGACTCCT-1,4
TNBC5_TCACATTTCTAGTGTG-1,4
TNBC5_TCACGCTCAAGATGGC-1,2
TNBC5_TCACGCTGTAGCTGCC-1,6
TNBC5_TCACGCTGTCTCGCGA-1,5
TNBC5_TCACGCTGTGACTGAG-1,1
TNBC5_TCACGCTGTGGCTAGA-1,2
TNBC5_TCACGCTGTTAATGAG-1,5
TNBC5_TCACGCTTCAGACTGT-1,1
TNBC5_TCACGGGCACCTGAAT-1,5
TNBC5_TCACGGGGTTCAATCG-1,3
TNBC5_TCACTATAGCAAGGAA-1,2
TNBC5_TCACTATAGGCACGAT-1,1
TNBC5_TCACTATCAGTTTGGT-1,1
TNBC5_TCACTATCATTGGCAT-1,3
TNBC5_TCACTATGTTGCTCAA-1,2
TNBC5_TCACTATTCTAGTGAC-1,2
TNBC5_TCACTATTCTTTCCAA-1,6
TNBC5_TCACTCGCAAAGAACT-1,1
TNBC5_TCACTCGGTCGCCACA-1,5
TNBC5_TCACTCGTCCCATACC-1,1
TNBC5_TCACTCGTCGAGTACT-1,1
TNBC5_TCACTCGTCGGCCCAA-1,2
TNBC5_TCAGCAAGTGCTGCAC-1,5
TNBC5_TCAGCAATCAATGTCG-1,5
TNBC5_TCAGCAATCCACTAGA-1,2
TNBC5_TCAGCCTAGAAGTCTA-1,5
TNBC5_TCAGCCTCACAAGGTG-1,6
TNBC5_TCAGCCTTCAGAGTTC-1,5
TNBC5_TCAGCCTTCATTCCTA-1,1
TNBC5_TCAGCCTTCATTGGTG-1,1
TNBC5_TCAGCCTTCCACAGCG-1,2
TNBC5_TCAGGGCAGACGCATG-1,1
TNBC5_TCAGGGCAGAGGTTTA-1,5
TNBC5_TCAGGGCCAATGCAGG-1,5
TNBC5_TCAGGGCTCCAAATGC-1,1
TNBC5_TCAGGTATCAGGAACG-1,2
TNBC5_TCAGGTATCCTAGCGG-1,2
TNBC5_TCAGTCCAGAGGATGA-1,2
TNBC5_TCAGTCCGTAGATTAG-1,5
TNBC5_TCAGTGAAGACTACCT-1,2
TNBC5_TCAGTGAAGATCCAAA-1,6
TNBC5_TCAGTGACAAGTACCT-1,2
TNBC5_TCAGTGACACGACAAG-1,2
TNBC5_TCAGTGAGTGTCATTG-1,6
TNBC5_TCAGTGAGTTACCTGA-1,2
TNBC5_TCAGTGATCCGATAAC-1,6
TNBC5_TCAGTGATCGGTAGAG-1,3
TNBC5_TCAGTTTAGCGCCTAC-1,5
TNBC5_TCAGTTTAGCTAAACA-1,2
TNBC5_TCAGTTTCAAGAGGCT-1,1
TNBC5_TCAGTTTTCACTGAAC-1,2
TNBC5_TCAGTTTTCCTACGGG-1,6
TNBC5_TCATACTAGATTGCGG-1,4
TNBC5_TCATACTAGGTCATTC-1,2
TNBC5_TCATACTCATCATTTC-1,2
TNBC5_TCATACTTCATGGGAG-1,1
TNBC5_TCATATCAGAAATTCG-1,2
TNBC5_TCATATCAGCTGTTCA-1,5
TNBC5_TCATATCAGGTGCAGT-1,1
TNBC5_TCATATCCATCCGATA-1,4
TNBC5_TCATCATAGAAGTCTA-1,4
TNBC5_TCATCATCAAGTGCAG-1,5
TNBC5_TCATCATCACGACTAT-1,2
TNBC5_TCATCATTCACGATAC-1,2
TNBC5_TCATCATTCGGCATAT-1,3
TNBC5_TCATCCGAGCGTTCCG-1,2
TNBC5_TCATCCGCAGTGACCC-1,1
TNBC5_TCATCCGGTTGCCATA-1,2
TNBC5_TCATCCGTCGAGATAA-1,5
TNBC5_TCATGAGAGGCTCACC-1,2
TNBC5_TCATGAGCAGGTTCGC-1,1
TNBC5_TCATGAGTCACTGCTC-1,2
TNBC5_TCATGCCCACCGCTAG-1,1
TNBC5_TCATGCCCACTACCCT-1,2
TNBC5_TCATGCCGTGTTAAAG-1,2
TNBC5_TCATGCCGTTCCTTGC-1,6
TNBC5_TCATGGACAAGACTGG-1,1
TNBC5_TCATGGAGTTAGGAGC-1,6
TNBC5_TCATGGATCTCATTTG-1,1
TNBC5_TCATGTTAGGTCTTTG-1,6
TNBC5_TCATGTTGTCTTGGTA-1,3
TNBC5_TCATGTTTCAAGCGTT-1,4
TNBC5_TCATGTTTCCTTATAC-1,1
TNBC5_TCATTACAGAACAAGG-1,1
TNBC5_TCATTACAGCTTGTGT-1,1
TNBC5_TCATTACCACTACACA-1,6
TNBC5_TCATTACCACTGCATA-1,2
TNBC5_TCATTACCAGACCTGC-1,1
TNBC5_TCATTACTCCTAGAGT-1,2
TNBC5_TCATTACTCGTAGGAG-1,1
TNBC5_TCATTCACAATAACGA-1,2
TNBC5_TCATTCACAGCTGGTC-1,4
TNBC5_TCATTCAGTCGGAACA-1,6
TNBC5_TCATTGTAGACCTCAT-1,2
TNBC5_TCATTGTGTCGTGGTC-1,1
TNBC5_TCATTGTGTTGGGATG-1,6
TNBC5_TCATTGTGTTGTCATG-1,6
TNBC5_TCATTTGAGTGGATTA-1,5
TNBC5_TCATTTGCATAAGATG-1,1
TNBC5_TCATTTGTCCTTCAGC-1,2
TNBC5_TCATTTGTCGAAGCAG-1,1
TNBC5_TCATTTGTCTGGTTGA-1,2
TNBC5_TCCACCAAGAGAGAAC-1,1
TNBC5_TCCACCAAGTCACAGG-1,1
TNBC5_TCCACCAAGTTCAACC-1,1
TNBC5_TCCACCACAACCAACT-1,2
TNBC5_TCCACCACACAACGTT-1,2
TNBC5_TCCACGTAGAGTTGCG-1,1
TNBC5_TCCACGTAGCACAAAT-1,5
TNBC5_TCCACGTAGCTTTGTG-1,1
TNBC5_TCCACGTGTCAGACTT-1,5
TNBC5_TCCACGTGTTCAGCTA-1,4
TNBC5_TCCACGTTCCACACCT-1,2
TNBC5_TCCACGTTCGAGATGG-1,6
TNBC5_TCCAGAAAGTGATGGC-1,1
TNBC5_TCCAGAAGTGAGTTGG-1,6
TNBC5_TCCAGAAGTGTTAACC-1,1
TNBC5_TCCAGAATCACTTGGA-1,6
TNBC5_TCCAGAATCCGCTGTT-1,6
TNBC5_TCCATCGCATCGAGCC-1,1
TNBC5_TCCATCGGTCAGACGA-1,3
TNBC5_TCCATGCAGACATAAC-1,2
TNBC5_TCCATGCAGGATTACA-1,2
TNBC5_TCCATGCCACAAGCAG-1,1
TNBC5_TCCATGCTCAGACCGC-1,2
TNBC5_TCCCACAGTCCTCCAT-1,1
TNBC5_TCCCACAGTGGGTTGA-1,1
TNBC5_TCCCACATCCACGTAA-1,6
TNBC5_TCCCACATCCCTCTTT-1,1
TNBC5_TCCCACATCCGCGAGT-1,1
TNBC5_TCCCAGTAGTCTGCAT-1,3
TNBC5_TCCCAGTGTAGACAGC-1,1
TNBC5_TCCCAGTGTGATGTAA-1,6
TNBC5_TCCCAGTTCATACGAC-1,1
TNBC5_TCCCATGCAAGGCAAC-1,2
TNBC5_TCCCATGCACCTCTGT-1,1
TNBC5_TCCCATGCATACCACA-1,5
TNBC5_TCCCATGGTCGGTGTC-1,3
TNBC5_TCCCATGGTTGTATGC-1,4
TNBC5_TCCCATGTCAACTCTT-1,1
TNBC5_TCCCATGTCCTGTAAG-1,3
TNBC5_TCCGAAAAGCTCGAAG-1,1
TNBC5_TCCGAAAAGGCAGCTA-1,2
TNBC5_TCCGAAATCGAAACAA-1,1
TNBC5_TCCGAAATCGGACTTA-1,1
TNBC5_TCCGATCAGCAGCGAT-1,5
TNBC5_TCCGGGAAGACGTCCC-1,4
TNBC5_TCCGGGAAGGCACAAC-1,2
TNBC5_TCCGGGACAAGGCGTA-1,1
TNBC5_TCCGGGAGTCACGCTG-1,5
TNBC5_TCCGGGAGTGAGAACC-1,1
TNBC5_TCCGTGTTCAGTCATG-1,5
TNBC5_TCCGTGTTCTAACGGT-1,1
TNBC5_TCCGTGTTCTATGCCC-1,1
TNBC5_TCCTAATGTAGATCGG-1,1
TNBC5_TCCTAATGTCGGTGTC-1,2
TNBC5_TCCTAATGTGATTGGG-1,1
TNBC5_TCCTAATTCCAAGAGG-1,4
TNBC5_TCCTCCCGTGACTGAG-1,5
TNBC5_TCCTCCCTCCTACGAA-1,2
TNBC5_TCCTCGACACCAGCCA-1,2
TNBC5_TCCTCGAGTCTTCATT-1,1
TNBC5_TCCTCGATCGACCACG-1,1
TNBC5_TCCTCTTAGCTGAGCA-1,2
TNBC5_TCCTCTTCAGCCGTTG-1,1
TNBC5_TCCTCTTGTATCAAGA-1,2
TNBC5_TCCTCTTGTGGGAGAG-1,2
TNBC5_TCCTGCACAGACCTGC-1,2
TNBC5_TCCTGCAGTACAGTTC-1,1
TNBC5_TCCTTCTCAGGTATGG-1,1
TNBC5_TCCTTTCAGCCGTAAG-1,2
TNBC5_TCCTTTCTCTAAGGAA-1,3
TNBC5_TCGAACACAGCATCTA-1,5
TNBC5_TCGAACATCCATTTAC-1,5
TNBC5_TCGAAGTCAGCTTTCC-1,1
TNBC5_TCGAAGTCAGTTACCA-1,4
TNBC5_TCGAAGTCATCTTAGG-1,5
TNBC5_TCGAAGTGTATCCTCC-1,1
TNBC5_TCGAAGTTCCCTCGAT-1,1
TNBC5_TCGACCTCAACGGTAG-1,2
TNBC5_TCGACCTGTTTACTTC-1,2
TNBC5_TCGACCTTCTAGTCAG-1,1
TNBC5_TCGACGGTCAGATTGC-1,1
TNBC5_TCGACGGTCCACAGCG-1,4
TNBC5_TCGATTTAGGAGAATG-1,5
TNBC5_TCGATTTTCCATTCAT-1,1
TNBC5_TCGCACTGTCTCTCCA-1,1
TNBC5_TCGCACTGTGTTAAAG-1,1
TNBC5_TCGCAGGAGTCATTGC-1,5
TNBC5_TCGCAGGCACCGTGGT-1,2
TNBC5_TCGCAGGCATACTGTG-1,6
TNBC5_TCGCAGGCATCCGAAT-1,1
TNBC5_TCGCAGGGTAGCGCCT-1,1
TNBC5_TCGCTCAAGTAAGCAT-1,6
TNBC5_TCGCTCATCATAGAGA-1,1
TNBC5_TCGCTTGTCAACCGAT-1,1
TNBC5_TCGGATAGTCAAAGTA-1,5
TNBC5_TCGGATAGTGGTCAAG-1,3
TNBC5_TCGGGACAGCGATGAC-1,6
TNBC5_TCGGGACCAATCAGCT-1,2
TNBC5_TCGGGACGTAGTTCCA-1,5
TNBC5_TCGGGACGTCACTTCC-1,4
TNBC5_TCGGGACTCTACTATC-1,2
TNBC5_TCGGGCACACTCGATA-1,2
TNBC5_TCGGGCATCGAGAAAT-1,6
TNBC5_TCGGGTGCATAACAGA-1,6
TNBC5_TCGGGTGGTACGTGTT-1,2
TNBC5_TCGGGTGTCCAGCAAT-1,3
TNBC5_TCGGTCTAGCCTGTGC-1,2
TNBC5_TCGGTCTGTCGTTGCG-1,5
TNBC5_TCGGTCTTCTAACGGT-1,2
TNBC5_TCGGTCTTCTGTGTGA-1,6
TNBC5_TCGTAGAAGTCATCGT-1,1
TNBC5_TCGTAGAGTAACATAG-1,6
TNBC5_TCGTAGAGTCGAAGCA-1,1
TNBC5_TCGTAGATCAGCCCAG-1,1
TNBC5_TCGTCCACATGCCGCA-1,1
TNBC5_TCGTGCTTCGGCCAAC-1,2
TNBC5_TCGTGGGAGAGGTGCT-1,3
TNBC5_TCGTGGGAGCAAGGAA-1,4
TNBC5_TCGTGGGCAAATGCGG-1,1
TNBC5_TCGTGGGCAGAATTCC-1,4
TNBC5_TCGTGGGCATCCGATA-1,1
TNBC5_TCTAACTAGTCGAGGT-1,5
TNBC5_TCTAACTGTCCGGTGT-1,2
TNBC5_TCTACATGTGGCTTAT-1,1
TNBC5_TCTACATGTGTTCCTC-1,2
TNBC5_TCTACATTCAAGTGGG-1,6
TNBC5_TCTATACCAATGACCT-1,4
TNBC5_TCTATACGTGCCTGAC-1,5
TNBC5_TCTATACTCCGTCACT-1,3
TNBC5_TCTATCAAGTGCGTCC-1,2
TNBC5_TCTATCACAATGTCTG-1,2
TNBC5_TCTATCACACGGTCTG-1,1
TNBC5_TCTATCAGTGGAGAAA-1,4
TNBC5_TCTCACGAGCCAAGTG-1,1
TNBC5_TCTCACGAGTACTGTC-1,1
TNBC5_TCTCACGCAGTGGCTC-1,1
TNBC5_TCTCACGTCAGGAAAT-1,1
TNBC5_TCTCAGCAGACATGCG-1,1
TNBC5_TCTCAGCAGCTGTTAC-1,2
TNBC5_TCTCAGCGTGAGAGGG-1,1
TNBC5_TCTCAGCGTGAGGATC-1,1
TNBC5_TCTCCGAAGCGGCTCT-1,1
TNBC5_TCTCCGAAGCGGTATG-1,2
TNBC5_TCTCCGAAGTGGATAT-1,2
TNBC5_TCTCCGAGTGTACGCC-1,1
TNBC5_TCTCCGATCCATTTCA-1,1
TNBC5_TCTCTGGAGCAACTTC-1,2
TNBC5_TCTCTGGAGCGACATG-1,4
TNBC5_TCTCTGGAGGGTGAGG-1,1
TNBC5_TCTCTGGCAATACGAA-1,4
TNBC5_TCTCTGGTCCACTGAA-1,2
TNBC5_TCTCTGGTCCCAAGCG-1,1
TNBC5_TCTCTGGTCCTGTAAG-1,1
TNBC5_TCTGCCAAGTAACCGG-1,1
TNBC5_TCTGCCAGTTACCCTC-1,4
TNBC5_TCTGCCATCTGCTTAT-1,4
TNBC5_TCTGGCTCACTTGAAC-1,4
TNBC5_TCTGGCTGTACTAAGA-1,6
TNBC5_TCTGGCTGTGTGACCC-1,1
TNBC5_TCTGGCTTCCTTTAGT-1,1
TNBC5_TCTGTCGCAGATTCGT-1,1
TNBC5_TCTGTCGGTTACGTAC-1,1
TNBC5_TCTTAGTCAGACACCC-1,4
TNBC5_TCTTAGTCATGACTTG-1,2
TNBC5_TCTTAGTGTAGCTCGC-1,4
TNBC5_TCTTAGTTCCTTTAGT-1,1
TNBC5_TCTTAGTTCGTTCAGA-1,2
TNBC5_TCTTCCTGTACGTGAG-1,6
TNBC5_TCTTCCTGTAGTCGGA-1,1
TNBC5_TCTTCCTGTGCCAAGA-1,2
TNBC5_TCTTCCTTCATTACTC-1,6
TNBC5_TCTTTGACAGAAGCTG-1,4
TNBC5_TGAACGTAGAGTGACC-1,1
TNBC5_TGAACGTTCCGCTGTT-1,2
TNBC5_TGAATCGCACGCGCTA-1,5
TNBC5_TGAATCGCATCCCACT-1,1
TNBC5_TGAATCGTCGGTATGT-1,1
TNBC5_TGAATCGTCGTAGCCG-1,5
TNBC5_TGAATCGTCTACACAG-1,1
TNBC5_TGAATGCAGGTAGTCG-1,4
TNBC5_TGAATGCCATTCATCT-1,2
TNBC5_TGAATGCGTAGCGTCC-1,4
TNBC5_TGAATGCTCCAAAGGG-1,2
TNBC5_TGAATGCTCCACACAA-1,2
TNBC5_TGACAGTGTATCCCAA-1,1
TNBC5_TGACAGTGTCACGCTG-1,1
TNBC5_TGACCCTAGCCAACCC-1,2
TNBC5_TGACCCTCAGAGATTA-1,5
TNBC5_TGACCCTTCCCTCATG-1,6
TNBC5_TGACGCGAGATGGTAT-1,1
TNBC5_TGACGCGAGCCGCACT-1,5
TNBC5_TGACGCGGTAACAGGC-1,1
TNBC5_TGACGCGGTAAGTCAA-1,2
TNBC5_TGACGCGGTTAACAGA-1,6
TNBC5_TGACGCGTCGGTCATA-1,4
TNBC5_TGACTCCAGGGAGTTC-1,2
TNBC5_TGACTCCAGGTCGTCC-1,4
TNBC5_TGACTCCCAGGATCTT-1,1
TNBC5_TGAGACTGTGAGGAAA-1,1
TNBC5_TGAGACTGTTTCGGCG-1,5
TNBC5_TGAGCGCGTACAGAAT-1,6
TNBC5_TGAGCGCGTACGTAGG-1,6
TNBC5_TGAGCGCGTACTAACC-1,1
TNBC5_TGAGCGCGTGCCCTTT-1,1
TNBC5_TGAGCGCTCAGCCTTC-1,1
TNBC5_TGAGGAGCACTGGAAG-1,1
TNBC5_TGAGGAGGTGGGATTG-1,2
TNBC5_TGAGGAGGTTTATGCG-1,4
TNBC5_TGAGGAGTCTGAGTCA-1,1
TNBC5_TGAGGGAAGTGCAACG-1,5
TNBC5_TGAGGGACAACTTGGT-1,3
TNBC5_TGAGGGACACAGCCAC-1,4
TNBC5_TGAGGGATCACCTGGG-1,1
TNBC5_TGAGGTTGTCCTGGTG-1,5
TNBC5_TGAGGTTGTCTTACAG-1,6
TNBC5_TGAGGTTGTGCCCACA-1,1
TNBC5_TGAGGTTTCAATCTCT-1,4
TNBC5_TGAGTCAAGTCCGCGT-1,6
TNBC5_TGAGTCAAGTTGGCGA-1,1
TNBC5_TGAGTCACAGGACTTT-1,1
TNBC5_TGAGTCACATACCATG-1,2
TNBC5_TGAGTCACATCATCTT-1,1
TNBC5_TGAGTCAGTATACCTG-1,1
TNBC5_TGAGTCAGTTTACACG-1,6
TNBC5_TGATCAGAGTCGTCTA-1,1
TNBC5_TGATCTTCAACAAGTA-1,2
TNBC5_TGATCTTCATTGTACG-1,2
TNBC5_TGATCTTGTTGATGTC-1,4
TNBC5_TGATCTTGTTGCGTAT-1,1
TNBC5_TGATCTTTCGCTTGCT-1,5
TNBC5_TGATCTTTCGGCTTGG-1,1
TNBC5_TGATGCAAGTCATCCA-1,4
TNBC5_TGATGCAGTGTCGCTG-1,2
TNBC5_TGATGCAGTTCTCAGA-1,6
TNBC5_TGATGCATCTTGGCTC-1,1
TNBC5_TGATGGTCACTATCCC-1,2
TNBC5_TGATGGTTCCGACATA-1,1
TNBC5_TGATGGTTCCTGATAG-1,1
TNBC5_TGATTCTAGAAATTCG-1,5
TNBC5_TGATTCTGTGGCCTCA-1,2
TNBC5_TGATTCTGTTGCGTAT-1,1
TNBC5_TGATTCTTCCGAAGGA-1,1
TNBC5_TGATTTCAGAGTCTTC-1,4
TNBC5_TGATTTCCAGATTAAG-1,1
TNBC5_TGATTTCTCCTCTAAT-1,2
TNBC5_TGCACGGCATATAGCC-1,6
TNBC5_TGCACGGGTGCGGTAA-1,2
TNBC5_TGCACGGTCACTGTCC-1,4
TNBC5_TGCACGGTCAGAATAG-1,1
TNBC5_TGCAGATAGGCCTTCG-1,1
TNBC5_TGCAGATCAATACGCT-1,1
TNBC5_TGCAGATCAGGTCAGA-1,6
TNBC5_TGCAGGCAGGGTGAGG-1,1
TNBC5_TGCAGGCCACGTCTCT-1,2
TNBC5_TGCAGGCGTACCGCGT-1,6
TNBC5_TGCAGGCGTCTTGCTC-1,2
TNBC5_TGCAGGCTCTTGGATG-1,1
TNBC5_TGCAGTAAGTCATGGG-1,1
TNBC5_TGCAGTAGTGCAACGA-1,1
TNBC5_TGCAGTAGTGTTAACC-1,1
TNBC5_TGCATCCAGCCACAAG-1,2
TNBC5_TGCATCCCAGAACTAA-1,4
TNBC5_TGCATCCGTAGAGCTG-1,2
TNBC5_TGCATGAAGCGGGTAT-1,6
TNBC5_TGCATGAAGGGACACT-1,4
TNBC5_TGCATGAGTCTTACAG-1,1
TNBC5_TGCATGAGTCTTGAAC-1,6
TNBC5_TGCCGAGCAAGACGGT-1,4
TNBC5_TGCCGAGCACGCACCA-1,6
TNBC5_TGCCGAGGTCTGTTAG-1,1
TNBC5_TGCCGAGGTCTTACAG-1,5
TNBC5_TGCGACGAGCAGCCTC-1,1
TNBC5_TGCGACGCAACGTATC-1,6
TNBC5_TGCGACGCATAATCGC-1,2
TNBC5_TGCGATACACAGTACT-1,6
TNBC5_TGCGATACACGGTAGA-1,3
TNBC5_TGCGATAGTGCTCCGA-1,1
TNBC5_TGCGATATCGCCTTTG-1,2
TNBC5_TGCGGCACAATAGGAT-1,2
TNBC5_TGCGGCATCACTGGGC-1,2
TNBC5_TGCGGGTGTGCCTTTC-1,1
TNBC5_TGCGGGTTCACTCTTA-1,1
TNBC5_TGCTCCACATAAGATG-1,2
TNBC5_TGCTCCAGTGGCTACC-1,1
TNBC5_TGCTCGTCATGGGAAC-1,2
TNBC5_TGCTCGTGTGTCTTCC-1,3
TNBC5_TGCTCGTTCTGACGCG-1,2
TNBC5_TGCTCGTTCTGTGTGA-1,5
TNBC5_TGCTGAAAGGATTCCT-1,6
TNBC5_TGCTGAAGTATCCCAA-1,6
TNBC5_TGCTGAAGTGATTCAC-1,2
TNBC5_TGCTGAATCCCTTCCC-1,5
TNBC5_TGCTTCGAGGGAGGGT-1,4
TNBC5_TGCTTCGGTCCCGTGA-1,1
TNBC5_TGCTTGCCACAAAGCG-1,1
TNBC5_TGCTTGCTCACATACG-1,1
TNBC5_TGGAACTAGAGGTTAT-1,1
TNBC5_TGGAACTAGGGCAACT-1,6
TNBC5_TGGAACTCAAAGAGTT-1,4
TNBC5_TGGAACTCATGAGTAA-1,1
TNBC5_TGGAACTCATTGGCAT-1,5
TNBC5_TGGAACTGTAACACGG-1,6
TNBC5_TGGAACTGTGTCATGT-1,5
TNBC5_TGGAACTTCCAACCGG-1,1
TNBC5_TGGAACTTCCAGCCTT-1,4
TNBC5_TGGAACTTCTGCTTAT-1,5
TNBC5_TGGAGAGAGAGACAAG-1,2
TNBC5_TGGAGAGGTCTGCGCA-1,6
TNBC5_TGGAGGAAGAGCAACC-1,4
TNBC5_TGGAGGACAACACGAG-1,4
TNBC5_TGGAGGACATCCTAAG-1,2
TNBC5_TGGATCATCCGATCGG-1,5
TNBC5_TGGATCATCGGCTCTT-1,1
TNBC5_TGGATGTAGATTGTGA-1,5
TNBC5_TGGATGTCACGGTGCT-1,2
TNBC5_TGGATGTGTAGAATGT-1,5
TNBC5_TGGATGTGTATGGGAC-1,1
TNBC5_TGGATGTTCTTGGAAC-1,1
TNBC5_TGGCGTGAGACTTCGT-1,3
TNBC5_TGGCGTGAGGTTCACT-1,5
TNBC5_TGGCGTGCATGCAGCC-1,1
TNBC5_TGGGAAGCATAGTCAC-1,1
TNBC5_TGGGAAGGTACCGTGC-1,5
TNBC5_TGGGAAGGTCACGCTG-1,1
TNBC5_TGGGAAGTCGGTATGT-1,5
TNBC5_TGGGAGAAGCTTTCCC-1,4
TNBC5_TGGGAGAGTAGACTGG-1,2
TNBC5_TGGGAGAGTCCTTGTC-1,1
TNBC5_TGGGAGATCGCAGATT-1,5
TNBC5_TGGGATTGTCTACATG-1,5
TNBC5_TGGGATTGTGGATTTC-1,2
TNBC5_TGGGATTTCGACTCCT-1,2
TNBC5_TGGGCGTCAATATCCG-1,1
TNBC5_TGGGCGTCAGCACAAG-1,2
TNBC5_TGGGCGTCATATCTCT-1,1
TNBC5_TGGGCGTCATCGAAGG-1,2
TNBC5_TGGGCTGAGTACGTCT-1,6
TNBC5_TGGGCTGGTATCGTTG-1,1
TNBC5_TGGGCTGGTCGAACGA-1,2
TNBC5_TGGGTTACACGGTGAA-1,1
TNBC5_TGGGTTACAGGAGGTT-1,1
TNBC5_TGGGTTACATACAGCT-1,2
TNBC5_TGGGTTACATTGCAAC-1,3
TNBC5_TGGTACAAGAGGGTCT-1,1
TNBC5_TGGTACAAGAGGTATT-1,6
TNBC5_TGGTACAAGCTTGTGT-1,1
TNBC5_TGGTACAGTACTAAGA-1,5
TNBC5_TGGTACAGTGCACAAG-1,6
TNBC5_TGGTACAGTTGCCGCA-1,1
TNBC5_TGGTACATCAACTGAC-1,1
TNBC5_TGGTAGTAGCCTGAGA-1,4
TNBC5_TGGTAGTAGGTCGACA-1,1
TNBC5_TGGTAGTGTATTGGCT-1,1
TNBC5_TGGTAGTTCCACCCTA-1,5
TNBC5_TGGTAGTTCTTTCAGT-1,6
TNBC5_TGGTGATAGCGTTAGG-1,1
TNBC5_TGGTGATCAGCTGTAT-1,2
TNBC5_TGGTGATTCGCTAGCG-1,3
TNBC5_TGGTTAGGTAGCTAAA-1,1
TNBC5_TGGTTAGGTGAGGATC-1,1
TNBC5_TGTAACGAGATGGTAT-1,1
TNBC5_TGTAACGAGCGTGTTT-1,6
TNBC5_TGTAACGCACGCTGTG-1,1
TNBC5_TGTAACGCATAGTCGT-1,1
TNBC5_TGTAACGGTGAATAAC-1,3
TNBC5_TGTAACGTCGGCTCTT-1,5
TNBC5_TGTAACGTCGTCCTTG-1,2
TNBC5_TGTAAGCAGAGTCACG-1,3
TNBC5_TGTAAGCGTCCAACGC-1,4
TNBC5_TGTAAGCTCACTGGGC-1,2
TNBC5_TGTACAGAGCTGTGCC-1,5
TNBC5_TGTACAGCAAAGGGCT-1,2
TNBC5_TGTACAGGTGAATTGA-1,5
TNBC5_TGTAGACGTTCAGCGC-1,2
TNBC5_TGTCAGAAGTTCCATG-1,4
TNBC5_TGTCAGACAAGGCCTC-1,5
TNBC5_TGTCAGACAGTTGCGC-1,2
TNBC5_TGTCAGAGTAGAGCTG-1,6
TNBC5_TGTCAGAGTAGCGTAG-1,1
TNBC5_TGTCAGAGTATCGCAT-1,6
TNBC5_TGTCAGATCAGAGCAG-1,6
TNBC5_TGTCAGATCGCAATTG-1,2
TNBC5_TGTCAGATCGCATTGA-1,2
TNBC5_TGTCCACCAATTTCCT-1,1
TNBC5_TGTCCACCATCGTGCG-1,5
TNBC5_TGTCCACGTAGTCTTG-1,1
TNBC5_TGTCCACGTGCTTATG-1,2
TNBC5_TGTCCACGTTGTCCCT-1,2
TNBC5_TGTCCCAAGCTTTCCC-1,1
TNBC5_TGTCCCAAGTCATGGG-1,1
TNBC5_TGTCCCACATCTTTCA-1,5
TNBC5_TGTCCCAGTACCGTCG-1,1
TNBC5_TGTCCCATCACCTCAC-1,1
TNBC5_TGTCCCATCGGACCAC-1,1
TNBC5_TGTCCTGAGAGGCGTT-1,1
TNBC5_TGTCCTGGTCACATTG-1,3
TNBC5_TGTCCTGTCTCTAAGG-1,1
TNBC5_TGTGAGTAGTAGCCAG-1,2
TNBC5_TGTGAGTGTTCCGCTT-1,1
TNBC5_TGTGAGTTCGAGTGGA-1,4
TNBC5_TGTGATGAGAGAAGGT-1,5
TNBC5_TGTGATGAGAGTGAAG-1,4
TNBC5_TGTGATGCACGGTCTG-1,1
TNBC5_TGTGATGGTTGCTCAA-1,3
TNBC5_TGTGCGGGTTATCCAG-1,1
TNBC5_TGTGGCGAGAAGTATC-1,2
TNBC5_TGTGGCGAGTCGCTAT-1,6
TNBC5_TGTGGCGTCTGAACGT-1,1
TNBC5_TGTGTGAAGTAAGGGA-1,2
TNBC5_TGTGTGACAATCGCCG-1,6
TNBC5_TGTGTGACAGGCACTC-1,2
TNBC5_TGTGTGACATGACGTT-1,1
TNBC5_TGTGTGACATGGGTTT-1,1
TNBC5_TGTGTGAGTACCCGCA-1,1
TNBC5_TGTGTGAGTATCGCTA-1,1
TNBC5_TGTGTGAGTGCGGTAA-1,2
TNBC5_TGTGTGATCCGTAGTA-1,1
TNBC5_TGTTACTAGCGTCGAA-1,1
TNBC5_TGTTACTAGTATAACG-1,2
TNBC5_TGTTACTCACACGCCA-1,4
TNBC5_TGTTACTCAGTCCGTG-1,3
TNBC5_TGTTACTCATCCGAGC-1,1
TNBC5_TGTTCATCAAGGGCAT-1,6
TNBC5_TGTTCATCAGCCCACA-1,6
TNBC5_TGTTCATGTAACATAG-1,3
TNBC5_TGTTCATGTCAATGGG-1,2
TNBC5_TGTTCATGTGCTCGTG-1,4
TNBC5_TGTTCATTCTCGGGAC-1,6
TNBC5_TGTTCATTCTGAGAAA-1,1
TNBC5_TGTTCCGCAAACCACT-1,5
TNBC5_TGTTCCGGTGAGTAGC-1,1
TNBC5_TGTTCCGTCTCAACGA-1,5
TNBC5_TGTTCTACACGGTAGA-1,2
TNBC5_TGTTGAGAGACGATAT-1,5
TNBC5_TGTTGAGAGTGCACAG-1,4
TNBC5_TGTTGAGCAATAACGA-1,4
TNBC5_TGTTGGACATATCTCT-1,1
TNBC5_TGTTGGATCTAGTCAG-1,1
TNBC5_TGTTTGTAGGCATCGA-1,2
TNBC5_TGTTTGTCATCAGTGT-1,1
TNBC5_TGTTTGTTCCCAGCGA-1,4
TNBC5_TTAATCCCAGTCTCTC-1,2
TNBC5_TTAATCCGTCAAAGCG-1,6
TNBC5_TTAATCCTCCTCTAGC-1,1
TNBC5_TTAATCCTCGAACACT-1,1
TNBC5_TTACCATAGCTGACAG-1,2
TNBC5_TTACCATTCCTGTTGC-1,1
TNBC5_TTACCGCAGCTGTTCA-1,6
TNBC5_TTACCGCCACAGTCAT-1,1
TNBC5_TTACCGCGTGTGTGTT-1,5
TNBC5_TTACGCCCACCCTAAA-1,5
TNBC5_TTACGCCCAGCTTCCT-1,1
TNBC5_TTACGCCGTGGTCTAT-1,1
TNBC5_TTACGCCTCGAACCTA-1,1
TNBC5_TTACGCCTCGTGACTA-1,1
TNBC5_TTACGTTAGACTCAAA-1,1
TNBC5_TTACGTTGTAGTGATA-1,5
TNBC5_TTACGTTGTGTCTTAG-1,3
TNBC5_TTACGTTTCTAAACGC-1,2
TNBC5_TTACTGTCAAAGGATT-1,3
TNBC5_TTACTGTCAGCGGTTC-1,4
TNBC5_TTAGGCACAGGTCAAG-1,1
TNBC5_TTAGGCAGTTGCCAAT-1,2
TNBC5_TTAGGCATCATTTGGG-1,3
TNBC5_TTAGGCATCCTACGAA-1,2
TNBC5_TTAGGCATCTGGAAGG-1,3
TNBC5_TTAGGGTCACTGTGTA-1,2
TNBC5_TTAGGGTGTAACCAGG-1,6
TNBC5_TTAGGGTTCGATCCCT-1,1
TNBC5_TTAGTCTAGCATTTCG-1,4
TNBC5_TTAGTCTGTAACTAAG-1,4
TNBC5_TTAGTCTGTCCGTACG-1,2
TNBC5_TTATTGCAGCCTGAGA-1,5
TNBC5_TTATTGCTCGCGTGCA-1,1
TNBC5_TTATTGCTCGTGGCTG-1,2
TNBC5_TTCACGCAGGCACGAT-1,1
TNBC5_TTCACGCCAAATTGGA-1,1
TNBC5_TTCAGGACAACGATTC-1,1
TNBC5_TTCAGGAGTCTAGGTT-1,5
TNBC5_TTCAGGATCATAGAGA-1,1
TNBC5_TTCATGTAGCACGTCC-1,3
TNBC5_TTCATGTAGTAGCAAT-1,4
TNBC5_TTCATGTCAAGCCCAC-1,2
TNBC5_TTCATGTTCCTCACGT-1,6
TNBC5_TTCATGTTCGTAGCCG-1,1
TNBC5_TTCATTGAGGCACAAC-1,4
TNBC5_TTCATTGCAGTTTGGT-1,5
TNBC5_TTCATTGGTAGATTGA-1,2
TNBC5_TTCATTGGTCCGATCG-1,3
TNBC5_TTCATTGGTCGACTGC-1,6
TNBC5_TTCATTGGTGCTGTCG-1,4
TNBC5_TTCCAATAGACGGATC-1,1
TNBC5_TTCCAATAGCCTATCA-1,1
TNBC5_TTCCAATCAACACAGG-1,1
TNBC5_TTCCAATCATCTATCT-1,4
TNBC5_TTCCAATGTATGTCAC-1,4
TNBC5_TTCCACGAGAGGATCC-1,4
TNBC5_TTCCACGGTACCGGAA-1,1
TNBC5_TTCCACGTCAACTTTC-1,2
TNBC5_TTCCACGTCCCGTAAA-1,2
TNBC5_TTCCGGTCACTGATTG-1,6
TNBC5_TTCCGGTCAGCACGAA-1,1
TNBC5_TTCCGGTGTAGTCTTG-1,1
TNBC5_TTCCGTGAGAAGTATC-1,1
TNBC5_TTCCGTGGTAGGACCA-1,1
TNBC5_TTCCGTGGTGGCTACC-1,5
TNBC5_TTCCGTGTCGCCGAGT-1,1
TNBC5_TTCCTAACAATTCACG-1,1
TNBC5_TTCCTAATCCCGAACG-1,6
TNBC5_TTCCTCTCAGACACCC-1,5
TNBC5_TTCCTCTCAGTATTCG-1,2
TNBC5_TTCCTCTGTACCGCGT-1,1
TNBC5_TTCCTCTGTGGATGAC-1,1
TNBC5_TTCCTCTTCTATTCGT-1,1
TNBC5_TTCCTTCAGTCTTCGA-1,1
TNBC5_TTCCTTCCAACTCATG-1,1
TNBC5_TTCCTTCCATAGCTGT-1,4
TNBC5_TTCGCTGTCTAGTACG-1,2
TNBC5_TTCGCTGTCTCGCGTT-1,5
TNBC5_TTCGGTCAGAGTCAAT-1,1
TNBC5_TTCGGTCAGTACCATC-1,4
TNBC5_TTCGGTCCAGTCTTCC-1,1
TNBC5_TTCGGTCTCGACATCA-1,1
TNBC5_TTCTAACGTCGCTTGG-1,5
TNBC5_TTCTAGTAGACTCTTG-1,5
TNBC5_TTCTAGTAGTACTGTC-1,1
TNBC5_TTCTAGTCACACGGAA-1,1
TNBC5_TTCTAGTCATAATGCC-1,1
TNBC5_TTCTAGTGTACAGGTG-1,3
TNBC5_TTCTAGTGTCGAGCTC-1,2
TNBC5_TTCTAGTTCCGAGAAG-1,1
TNBC5_TTCTCTCAGATTGCGG-1,5
TNBC5_TTCTCTCCACGCTGAC-1,2
TNBC5_TTCTCTCGTACTCGTA-1,1
TNBC5_TTCTCTCGTCGAGTGA-1,1
TNBC5_TTCTGTAAGTGATAGT-1,5
TNBC5_TTCTGTAGTTAAGTCC-1,1
TNBC5_TTCTGTAGTTAGCTAC-1,1
TNBC5_TTCTGTATCACATACG-1,1
TNBC5_TTCTTCCAGGATTCAA-1,2
TNBC5_TTCTTCCCAAAGCTAA-1,4
TNBC5_TTCTTCCGTACCAATC-1,1
TNBC5_TTCTTCCTCTGTGCTC-1,6
TNBC5_TTCTTGAAGTTTCTTC-1,2
TNBC5_TTCTTGACACAAGCCC-1,2
TNBC5_TTCTTGATCACTTGTT-1,6
TNBC5_TTCTTGATCAGGAGAC-1,2
TNBC5_TTCTTGATCTCTCTTC-1,1
TNBC5_TTGAACGAGCCGAATG-1,1
TNBC5_TTGAACGCAAGCAGGT-1,1
TNBC5_TTGAACGCATGACACT-1,1
TNBC5_TTGAACGGTTGACTAC-1,2
TNBC5_TTGAACGTCCGTCCTA-1,1
TNBC5_TTGACCCAGGCACTCC-1,2
TNBC5_TTGACCCAGGTTAGTA-1,1
TNBC5_TTGACCCAGTCACGAG-1,1
TNBC5_TTGACCCCAAGTCGTT-1,2
TNBC5_TTGACCCCAGACCTGC-1,2
TNBC5_TTGACCCTCCAACCGG-1,1
TNBC5_TTGAGTGAGCGTCTGC-1,4
TNBC5_TTGAGTGGTCGAGCTC-1,1
TNBC5_TTGAGTGGTGCGAGTA-1,4
TNBC5_TTGATGGAGGCACTAG-1,6
TNBC5_TTGATGGAGTTCACTG-1,5
TNBC5_TTGATGGCAGACCTGC-1,1
TNBC5_TTGATGGCAGATACTC-1,6
TNBC5_TTGATGGTCTCTATAC-1,5
TNBC5_TTGCATTCAGCCTTCT-1,1
TNBC5_TTGCATTCATACAGGG-1,1
TNBC5_TTGCATTCATGATGCT-1,5
TNBC5_TTGCATTGTCCTTGTC-1,1
TNBC5_TTGCATTGTCTAGTGT-1,5
TNBC5_TTGCATTGTTCCGCAG-1,2
TNBC5_TTGCCTGCAATTCACG-1,2
TNBC5_TTGCCTGCACCTGATA-1,6
TNBC5_TTGCGTCCATTCATCT-1,1
TNBC5_TTGCGTCTCGCACTCT-1,5
TNBC5_TTGCGTCTCTCACCCA-1,1
TNBC5_TTGCGTCTCTTACGGA-1,2
TNBC5_TTGCTGCAGCTTAAGA-1,5
TNBC5_TTGCTGCAGTGGTGAC-1,3
TNBC5_TTGCTGCGTTTGGAGG-1,3
TNBC5_TTGCTGCTCCAACCGG-1,1
TNBC5_TTGCTGCTCGAGCCTG-1,1
TNBC5_TTGGATGAGTCCCGAC-1,5
TNBC5_TTGGATGGTAGTCGTT-1,1
TNBC5_TTGGATGGTGAAGCTG-1,1
TNBC5_TTGGATGTCCGTATAG-1,5
TNBC5_TTGGATGTCGGACAAG-1,2
TNBC5_TTGGGATAGAATACAC-1,1
TNBC5_TTGGGATAGCGCCTAC-1,3
TNBC5_TTGGGATAGGTTCTTG-1,1
TNBC5_TTGGGATAGTGAATAC-1,4
TNBC5_TTGGGATGTAGAGTTA-1,3
TNBC5_TTGGGATTCCTGTAGA-1,2
TNBC5_TTGGGCGAGCCGCTTG-1,6
TNBC5_TTGGGCGCAGCGATTT-1,2
TNBC5_TTGGGCGCATGATCTG-1,6
TNBC5_TTGGGCGTCAAACCTG-1,5
TNBC5_TTGGGCGTCGAGTCCG-1,4
TNBC5_TTGGGTAGTCCCTCAT-1,5
TNBC5_TTGGTTTCAGCACAAG-1,2
TNBC5_TTGGTTTTCGCCAACG-1,5
TNBC5_TTGTGGAGTAGTCGTT-1,2
TNBC5_TTGTGGAGTTACGGAG-1,6
TNBC5_TTGTGTTAGAGTGAAG-1,2
TNBC5_TTGTGTTAGGTCCAGA-1,3
TNBC5_TTGTGTTCAAACACGG-1,2
TNBC5_TTGTGTTCAGACTCTA-1,2
TNBC5_TTGTGTTCATTGCCTC-1,2
TNBC5_TTGTGTTTCCTATTGT-1,4
TNBC5_TTGTGTTTCCTGATAG-1,2
TNBC5_TTGTTCACAAATGGTA-1,1
TNBC5_TTGTTCATCACAATGC-1,2
TNBC5_TTGTTCATCGGACGTC-1,1
TNBC5_TTGTTGTCAAGTGTCT-1,1
TNBC5_TTGTTGTCACTAACGT-1,2
TNBC5_TTGTTTGAGTAACCGG-1,1
TNBC5_TTGTTTGCAGGCTTGC-1,5
TNBC5_TTGTTTGGTTCTCTAT-1,1
TNBC5_TTTACCACAATGTCTG-1,5
TNBC5_TTTACCACATACTGAC-1,4
TNBC5_TTTACCATCCACGTGG-1,2
TNBC5_TTTACGTCAACAAGTA-1,2
TNBC5_TTTACGTCAATCTAGC-1,1
TNBC5_TTTACGTGTGTTACTG-1,4
TNBC5_TTTACGTTCCGGTTCT-1,2
TNBC5_TTTACTGCACTACCGG-1,5
TNBC5_TTTACTGCATACACCA-1,4
TNBC5_TTTACTGGTAATACCC-1,1
TNBC5_TTTACTGTCACCTGTC-1,6
TNBC5_TTTACTGTCACTACGA-1,6
TNBC5_TTTACTGTCCCGTGAG-1,2
TNBC5_TTTAGTCGTCATCCGG-1,4
TNBC5_TTTAGTCGTGATTAGA-1,1
TNBC5_TTTAGTCGTTAGAGAT-1,1
TNBC5_TTTATGCGTATGATCC-1,6
TNBC5_TTTATGCGTGGGCTTC-1,5
TNBC5_TTTCACAAGGTAGTAT-1,3
TNBC5_TTTCACACAATACGAA-1,4
TNBC5_TTTCACATCATTCGGA-1,1
TNBC5_TTTCACATCGCTGACG-1,3
TNBC5_TTTCACATCTCCACTG-1,5
TNBC5_TTTCAGTAGTGGTTCT-1,6
TNBC5_TTTCAGTAGTTACGAA-1,5
TNBC5_TTTCAGTCATCCGATA-1,1
TNBC5_TTTCAGTGTACTAAGA-1,5
TNBC5_TTTCAGTTCTGGACCG-1,4
TNBC5_TTTCATGAGAGAATCT-1,2
TNBC5_TTTCCTCAGAGAGCCT-1,6
TNBC5_TTTCCTCAGGCATCAG-1,4
TNBC5_TTTCCTCAGGTGTGAC-1,1
TNBC5_TTTCCTCCATCCGCGA-1,1
TNBC5_TTTCCTCGTCGTATGT-1,5
TNBC5_TTTCGATAGGTTGGTG-1,1
TNBC5_TTTCGATCAGCCTTCT-1,6
TNBC5_TTTCGATGTATACAGA-1,1
TNBC5_TTTCGATGTGTGTGTT-1,4
TNBC5_TTTGACTAGCAGCACA-1,1
TNBC5_TTTGACTCAACGGCTC-1,5
TNBC5_TTTGACTGTAGACTGG-1,1
TNBC5_TTTGACTGTGGGTCAA-1,1
TNBC5_TTTGACTGTTTAAGGA-1,5
TNBC5_TTTGACTGTTTGCAGT-1,6
TNBC5_TTTGACTTCAACTGGT-1,1
TNBC5_TTTGATCAGCTAGAAT-1,5
TNBC5_TTTGATCCACCCTGTT-1,1
TNBC5_TTTGGAGGTGTTCGTA-1,1
TNBC5_TTTGGTTGTAGCTTTG-1,1
TNBC5_TTTGGTTTCAGACTGT-1,2
TNBC5_TTTGTTGCAGGATTCT-1,5
TNBC5_TTTGTTGTCCTCAGGG-1,6
